station_name,station_address,city,state,country,latitude,longitude,locationId,slug,date,CO,SO2,NO2,O3,PM2.5,PM10,AQI
Hem 108 Tran Van Quang,"Hem 108 Tran Van Quang, Ho Chi Minh City, Ho Chi Minh, Vietnam",Ho Chi Minh City,Ho Chi Minh,Vietnam,10.7799,106.647,-131683,vietnam/ho-chi-minh/ho-chi-minh-city/hem-108-tran-van-quang,2025-12-31,357.0,10.0,26.0,45.0,26.0,32.0,79.0
Hem 108 Tran Van Quang,"Hem 108 Tran Van Quang, Ho Chi Minh City, Ho Chi Minh, Vietnam",Ho Chi Minh City,Ho Chi Minh,Vietnam,10.7799,106.647,-131683,vietnam/ho-chi-minh/ho-chi-minh-city/hem-108-tran-van-quang,2026-01-01,351.0,6.0,24.0,42.0,20.0,26.0,66.0
Hem 108 Tran Van Quang,"Hem 108 Tran Van Quang, Ho Chi Minh City, Ho Chi Minh, Vietnam",Ho Chi Minh City,Ho Chi Minh,Vietnam,10.7799,106.647,-131683,vietnam/ho-chi-minh/ho-chi-minh-city/hem-108-tran-van-quang,2026-01-02,441.0,11.0,30.0,40.0,23.0,31.0,72.0
Hem 108 Tran Van Quang,"Hem 108 Tran Van Quang, Ho Chi Minh City, Ho Chi Minh, Vietnam",Ho Chi Minh City,Ho Chi Minh,Vietnam,10.7799,106.647,-131683,vietnam/ho-chi-minh/ho-chi-minh-city/hem-108-tran-van-quang,2026-01-03,536.0,10.0,32.0,38.0,27.0,40.0,83.0
Hem 108 Tran Van Quang,"Hem 108 Tran Van Quang, Ho Chi Minh City, Ho Chi Minh, Vietnam",Ho Chi Minh City,Ho Chi Minh,Vietnam,10.7799,106.647,-131683,vietnam/ho-chi-minh/ho-chi-minh-city/hem-108-tran-van-quang,2026-01-04,502.0,14.0,27.0,35.0,26.0,44.0,79.0
Hem 108 Tran Van Quang,"Hem 108 Tran Van Quang, Ho Chi Minh City, Ho Chi Minh, Vietnam",Ho Chi Minh City,Ho Chi Minh,Vietnam,10.7799,106.647,-131683,vietnam/ho-chi-minh/ho-chi-minh-city/hem-108-tran-van-quang,2026-01-05,543.0,16.0,27.0,37.0,38.0,57.0,106.0
Hem 108 Tran Van Quang,"Hem 108 Tran Van Quang, Ho Chi Minh City, Ho Chi Minh, Vietnam",Ho Chi Minh City,Ho Chi Minh,Vietnam,10.7799,106.647,-131683,vietnam/ho-chi-minh/ho-chi-minh-city/hem-108-tran-van-quang,2026-01-06,475.0,21.0,21.0,39.0,29.0,58.0,83.0
Hem 108 Tran Van Quang,"Hem 108 Tran Van Quang, Ho Chi Minh City, Ho Chi Minh, Vietnam",Ho Chi Minh City,Ho Chi Minh,Vietnam,10.7799,106.647,-131683,vietnam/ho-chi-minh/ho-chi-minh-city/hem-108-tran-van-quang,2026-01-07,428.0,17.0,24.0,43.0,26.0,46.0,79.0
Hem 108 Tran Van Quang,"Hem 108 Tran Van Quang, Ho Chi Minh City, Ho Chi Minh, Vietnam",Ho Chi Minh City,Ho Chi Minh,Vietnam,10.7799,106.647,-131683,vietnam/ho-chi-minh/ho-chi-minh-city/hem-108-tran-van-quang,2026-01-08,500.0,15.0,25.0,37.0,23.0,42.0,74.0
Hem 108 Tran Van Quang,"Hem 108 Tran Van Quang, Ho Chi Minh City, Ho Chi Minh, Vietnam",Ho Chi Minh City,Ho Chi Minh,Vietnam,10.7799,106.647,-131683,vietnam/ho-chi-minh/ho-chi-minh-city/hem-108-tran-van-quang,2026-01-09,469.0,15.0,25.0,41.0,26.0,43.0,81.0
Hem 108 Tran Van Quang,"Hem 108 Tran Van Quang, Ho Chi Minh City, Ho Chi Minh, Vietnam",Ho Chi Minh City,Ho Chi Minh,Vietnam,10.7799,106.647,-131683,vietnam/ho-chi-minh/ho-chi-minh-city/hem-108-tran-van-quang,2026-01-10,555.0,19.0,27.0,40.0,32.0,54.0,94.0
Hem 108 Tran Van Quang,"Hem 108 Tran Van Quang, Ho Chi Minh City, Ho Chi Minh, Vietnam",Ho Chi Minh City,Ho Chi Minh,Vietnam,10.7799,106.647,-131683,vietnam/ho-chi-minh/ho-chi-minh-city/hem-108-tran-van-quang,2026-01-11,468.0,17.0,23.0,45.0,57.0,77.0,135.0
Hem 108 Tran Van Quang,"Hem 108 Tran Van Quang, Ho Chi Minh City, Ho Chi Minh, Vietnam",Ho Chi Minh City,Ho Chi Minh,Vietnam,10.7799,106.647,-131683,vietnam/ho-chi-minh/ho-chi-minh-city/hem-108-tran-van-quang,2026-01-12,429.0,16.0,21.0,41.0,32.0,60.0,93.0
Hem 108 Tran Van Quang,"Hem 108 Tran Van Quang, Ho Chi Minh City, Ho Chi Minh, Vietnam",Ho Chi Minh City,Ho Chi Minh,Vietnam,10.7799,106.647,-131683,vietnam/ho-chi-minh/ho-chi-minh-city/hem-108-tran-van-quang,2026-01-13,338.0,13.0,15.0,40.0,22.0,43.0,72.0
Hem 108 Tran Van Quang,"Hem 108 Tran Van Quang, Ho Chi Minh City, Ho Chi Minh, Vietnam",Ho Chi Minh City,Ho Chi Minh,Vietnam,10.7799,106.647,-131683,vietnam/ho-chi-minh/ho-chi-minh-city/hem-108-tran-van-quang,2026-01-14,312.0,16.0,13.0,39.0,17.0,40.0,58.0
Hem 108 Tran Van Quang,"Hem 108 Tran Van Quang, Ho Chi Minh City, Ho Chi Minh, Vietnam",Ho Chi Minh City,Ho Chi Minh,Vietnam,10.7799,106.647,-131683,vietnam/ho-chi-minh/ho-chi-minh-city/hem-108-tran-van-quang,2026-01-15,280.0,14.0,17.0,41.0,20.0,46.0,66.0
Hem 108 Tran Van Quang,"Hem 108 Tran Van Quang, Ho Chi Minh City, Ho Chi Minh, Vietnam",Ho Chi Minh City,Ho Chi Minh,Vietnam,10.7799,106.647,-131683,vietnam/ho-chi-minh/ho-chi-minh-city/hem-108-tran-van-quang,2026-01-16,316.0,15.0,19.0,40.0,23.0,46.0,71.0
Hem 108 Tran Van Quang,"Hem 108 Tran Van Quang, Ho Chi Minh City, Ho Chi Minh, Vietnam",Ho Chi Minh City,Ho Chi Minh,Vietnam,10.7799,106.647,-131683,vietnam/ho-chi-minh/ho-chi-minh-city/hem-108-tran-van-quang,2026-01-17,275.0,16.0,17.0,41.0,20.0,44.0,65.0
Hem 108 Tran Van Quang,"Hem 108 Tran Van Quang, Ho Chi Minh City, Ho Chi Minh, Vietnam",Ho Chi Minh City,Ho Chi Minh,Vietnam,10.7799,106.647,-131683,vietnam/ho-chi-minh/ho-chi-minh-city/hem-108-tran-van-quang,2026-01-18,317.0,14.0,17.0,43.0,18.0,40.0,62.0
Hem 108 Tran Van Quang,"Hem 108 Tran Van Quang, Ho Chi Minh City, Ho Chi Minh, Vietnam",Ho Chi Minh City,Ho Chi Minh,Vietnam,10.7799,106.647,-131683,vietnam/ho-chi-minh/ho-chi-minh-city/hem-108-tran-van-quang,2026-01-19,331.0,12.0,21.0,45.0,22.0,41.0,71.0
Hem 108 Tran Van Quang,"Hem 108 Tran Van Quang, Ho Chi Minh City, Ho Chi Minh, Vietnam",Ho Chi Minh City,Ho Chi Minh,Vietnam,10.7799,106.647,-131683,vietnam/ho-chi-minh/ho-chi-minh-city/hem-108-tran-van-quang,2026-01-20,348.0,10.0,20.0,37.0,22.0,44.0,71.0
Hem 108 Tran Van Quang,"Hem 108 Tran Van Quang, Ho Chi Minh City, Ho Chi Minh, Vietnam",Ho Chi Minh City,Ho Chi Minh,Vietnam,10.7799,106.647,-131683,vietnam/ho-chi-minh/ho-chi-minh-city/hem-108-tran-van-quang,2026-01-21,321.0,14.0,18.0,42.0,20.0,46.0,67.0
Hem 108 Tran Van Quang,"Hem 108 Tran Van Quang, Ho Chi Minh City, Ho Chi Minh, Vietnam",Ho Chi Minh City,Ho Chi Minh,Vietnam,10.7799,106.647,-131683,vietnam/ho-chi-minh/ho-chi-minh-city/hem-108-tran-van-quang,2026-01-22,463.0,20.0,16.0,29.0,24.0,62.0,76.0
Hem 108 Tran Van Quang,"Hem 108 Tran Van Quang, Ho Chi Minh City, Ho Chi Minh, Vietnam",Ho Chi Minh City,Ho Chi Minh,Vietnam,10.7799,106.647,-131683,vietnam/ho-chi-minh/ho-chi-minh-city/hem-108-tran-van-quang,2026-01-23,335.0,28.0,6.0,39.0,11.0,53.0,49.0
Hem 108 Tran Van Quang,"Hem 108 Tran Van Quang, Ho Chi Minh City, Ho Chi Minh, Vietnam",Ho Chi Minh City,Ho Chi Minh,Vietnam,10.7799,106.647,-131683,vietnam/ho-chi-minh/ho-chi-minh-city/hem-108-tran-van-quang,2026-01-24,387.0,17.0,7.0,36.0,18.0,68.0,65.0
Hem 108 Tran Van Quang,"Hem 108 Tran Van Quang, Ho Chi Minh City, Ho Chi Minh, Vietnam",Ho Chi Minh City,Ho Chi Minh,Vietnam,10.7799,106.647,-131683,vietnam/ho-chi-minh/ho-chi-minh-city/hem-108-tran-van-quang,2026-01-25,566.0,29.0,6.0,37.0,15.0,62.0,58.0
Hem 108 Tran Van Quang,"Hem 108 Tran Van Quang, Ho Chi Minh City, Ho Chi Minh, Vietnam",Ho Chi Minh City,Ho Chi Minh,Vietnam,10.7799,106.647,-131683,vietnam/ho-chi-minh/ho-chi-minh-city/hem-108-tran-van-quang,2026-01-26,641.0,30.0,6.0,33.0,12.0,54.0,51.0
Hem 108 Tran Van Quang,"Hem 108 Tran Van Quang, Ho Chi Minh City, Ho Chi Minh, Vietnam",Ho Chi Minh City,Ho Chi Minh,Vietnam,10.7799,106.647,-131683,vietnam/ho-chi-minh/ho-chi-minh-city/hem-108-tran-van-quang,2026-01-27,279.0,29.0,5.0,41.0,15.0,58.0,58.0
Hem 108 Tran Van Quang,"Hem 108 Tran Van Quang, Ho Chi Minh City, Ho Chi Minh, Vietnam",Ho Chi Minh City,Ho Chi Minh,Vietnam,10.7799,106.647,-131683,vietnam/ho-chi-minh/ho-chi-minh-city/hem-108-tran-van-quang,2026-01-28,406.0,27.0,6.0,38.0,12.0,55.0,49.0
Hem 108 Tran Van Quang,"Hem 108 Tran Van Quang, Ho Chi Minh City, Ho Chi Minh, Vietnam",Ho Chi Minh City,Ho Chi Minh,Vietnam,10.7799,106.647,-131683,vietnam/ho-chi-minh/ho-chi-minh-city/hem-108-tran-van-quang,2026-01-29,335.0,23.0,7.0,42.0,15.0,66.0,57.0
Tp Ho Chi Minh Duong Nguyen Van Tao,"Tp Ho Chi Minh Duong Nguyen Van Tao, Ho Chi Minh City, Ho Chi Minh, Vietnam",Ho Chi Minh City,Ho Chi Minh,Vietnam,10.6596,106.728,13756,vietnam/ho-chi-minh/ho-chi-minh-city/tp-ho-chi-minh-duong-nguyen-van-tao,2025-12-31,343.0,10.0,24.0,46.0,26.0,35.0,80.0
Tp Ho Chi Minh Duong Nguyen Van Tao,"Tp Ho Chi Minh Duong Nguyen Van Tao, Ho Chi Minh City, Ho Chi Minh, Vietnam",Ho Chi Minh City,Ho Chi Minh,Vietnam,10.6596,106.728,13756,vietnam/ho-chi-minh/ho-chi-minh-city/tp-ho-chi-minh-duong-nguyen-van-tao,2026-01-01,338.0,7.0,22.0,43.0,21.0,31.0,68.0
Tp Ho Chi Minh Duong Nguyen Van Tao,"Tp Ho Chi Minh Duong Nguyen Van Tao, Ho Chi Minh City, Ho Chi Minh, Vietnam",Ho Chi Minh City,Ho Chi Minh,Vietnam,10.6596,106.728,13756,vietnam/ho-chi-minh/ho-chi-minh-city/tp-ho-chi-minh-duong-nguyen-van-tao,2026-01-02,424.0,10.0,29.0,38.0,25.0,39.0,77.0
Tp Ho Chi Minh Duong Nguyen Van Tao,"Tp Ho Chi Minh Duong Nguyen Van Tao, Ho Chi Minh City, Ho Chi Minh, Vietnam",Ho Chi Minh City,Ho Chi Minh,Vietnam,10.6596,106.728,13756,vietnam/ho-chi-minh/ho-chi-minh-city/tp-ho-chi-minh-duong-nguyen-van-tao,2026-01-03,509.0,12.0,30.0,35.0,28.0,46.0,84.0
Tp Ho Chi Minh Duong Nguyen Van Tao,"Tp Ho Chi Minh Duong Nguyen Van Tao, Ho Chi Minh City, Ho Chi Minh, Vietnam",Ho Chi Minh City,Ho Chi Minh,Vietnam,10.6596,106.728,13756,vietnam/ho-chi-minh/ho-chi-minh-city/tp-ho-chi-minh-duong-nguyen-van-tao,2026-01-04,477.0,13.0,25.0,38.0,25.0,46.0,78.0
Tp Ho Chi Minh Duong Nguyen Van Tao,"Tp Ho Chi Minh Duong Nguyen Van Tao, Ho Chi Minh City, Ho Chi Minh, Vietnam",Ho Chi Minh City,Ho Chi Minh,Vietnam,10.6596,106.728,13756,vietnam/ho-chi-minh/ho-chi-minh-city/tp-ho-chi-minh-duong-nguyen-van-tao,2026-01-05,528.0,14.0,26.0,35.0,39.0,57.0,110.0
Tp Ho Chi Minh Duong Nguyen Van Tao,"Tp Ho Chi Minh Duong Nguyen Van Tao, Ho Chi Minh City, Ho Chi Minh, Vietnam",Ho Chi Minh City,Ho Chi Minh,Vietnam,10.6596,106.728,13756,vietnam/ho-chi-minh/ho-chi-minh-city/tp-ho-chi-minh-duong-nguyen-van-tao,2026-01-06,468.0,19.0,21.0,36.0,27.0,56.0,81.0
Tp Ho Chi Minh Duong Nguyen Van Tao,"Tp Ho Chi Minh Duong Nguyen Van Tao, Ho Chi Minh City, Ho Chi Minh, Vietnam",Ho Chi Minh City,Ho Chi Minh,Vietnam,10.6596,106.728,13756,vietnam/ho-chi-minh/ho-chi-minh-city/tp-ho-chi-minh-duong-nguyen-van-tao,2026-01-07,422.0,14.0,24.0,44.0,27.0,46.0,83.0
Tp Ho Chi Minh Duong Nguyen Van Tao,"Tp Ho Chi Minh Duong Nguyen Van Tao, Ho Chi Minh City, Ho Chi Minh, Vietnam",Ho Chi Minh City,Ho Chi Minh,Vietnam,10.6596,106.728,13756,vietnam/ho-chi-minh/ho-chi-minh-city/tp-ho-chi-minh-duong-nguyen-van-tao,2026-01-08,499.0,13.0,24.0,37.0,24.0,41.0,76.0
Tp Ho Chi Minh Duong Nguyen Van Tao,"Tp Ho Chi Minh Duong Nguyen Van Tao, Ho Chi Minh City, Ho Chi Minh, Vietnam",Ho Chi Minh City,Ho Chi Minh,Vietnam,10.6596,106.728,13756,vietnam/ho-chi-minh/ho-chi-minh-city/tp-ho-chi-minh-duong-nguyen-van-tao,2026-01-09,447.0,13.0,23.0,40.0,28.0,43.0,83.0
Tp Ho Chi Minh Duong Nguyen Van Tao,"Tp Ho Chi Minh Duong Nguyen Van Tao, Ho Chi Minh City, Ho Chi Minh, Vietnam",Ho Chi Minh City,Ho Chi Minh,Vietnam,10.6596,106.728,13756,vietnam/ho-chi-minh/ho-chi-minh-city/tp-ho-chi-minh-duong-nguyen-van-tao,2026-01-10,543.0,15.0,25.0,40.0,32.0,50.0,93.0
Tp Ho Chi Minh Duong Nguyen Van Tao,"Tp Ho Chi Minh Duong Nguyen Van Tao, Ho Chi Minh City, Ho Chi Minh, Vietnam",Ho Chi Minh City,Ho Chi Minh,Vietnam,10.6596,106.728,13756,vietnam/ho-chi-minh/ho-chi-minh-city/tp-ho-chi-minh-duong-nguyen-van-tao,2026-01-11,457.0,14.0,21.0,44.0,56.0,76.0,137.0
Tp Ho Chi Minh Duong Nguyen Van Tao,"Tp Ho Chi Minh Duong Nguyen Van Tao, Ho Chi Minh City, Ho Chi Minh, Vietnam",Ho Chi Minh City,Ho Chi Minh,Vietnam,10.6596,106.728,13756,vietnam/ho-chi-minh/ho-chi-minh-city/tp-ho-chi-minh-duong-nguyen-van-tao,2026-01-12,432.0,13.0,20.0,40.0,33.0,59.0,95.0
Tp Ho Chi Minh Duong Nguyen Van Tao,"Tp Ho Chi Minh Duong Nguyen Van Tao, Ho Chi Minh City, Ho Chi Minh, Vietnam",Ho Chi Minh City,Ho Chi Minh,Vietnam,10.6596,106.728,13756,vietnam/ho-chi-minh/ho-chi-minh-city/tp-ho-chi-minh-duong-nguyen-van-tao,2026-01-13,329.0,10.0,14.0,38.0,23.0,43.0,72.0
Tp Ho Chi Minh Duong Nguyen Van Tao,"Tp Ho Chi Minh Duong Nguyen Van Tao, Ho Chi Minh City, Ho Chi Minh, Vietnam",Ho Chi Minh City,Ho Chi Minh,Vietnam,10.6596,106.728,13756,vietnam/ho-chi-minh/ho-chi-minh-city/tp-ho-chi-minh-duong-nguyen-van-tao,2026-01-14,304.0,13.0,11.0,37.0,18.0,41.0,60.0
Tp Ho Chi Minh Duong Nguyen Van Tao,"Tp Ho Chi Minh Duong Nguyen Van Tao, Ho Chi Minh City, Ho Chi Minh, Vietnam",Ho Chi Minh City,Ho Chi Minh,Vietnam,10.6596,106.728,13756,vietnam/ho-chi-minh/ho-chi-minh-city/tp-ho-chi-minh-duong-nguyen-van-tao,2026-01-15,274.0,11.0,15.0,39.0,21.0,46.0,68.0
Tp Ho Chi Minh Duong Nguyen Van Tao,"Tp Ho Chi Minh Duong Nguyen Van Tao, Ho Chi Minh City, Ho Chi Minh, Vietnam",Ho Chi Minh City,Ho Chi Minh,Vietnam,10.6596,106.728,13756,vietnam/ho-chi-minh/ho-chi-minh-city/tp-ho-chi-minh-duong-nguyen-van-tao,2026-01-16,310.0,11.0,18.0,39.0,24.0,47.0,75.0
Tp Ho Chi Minh Duong Nguyen Van Tao,"Tp Ho Chi Minh Duong Nguyen Van Tao, Ho Chi Minh City, Ho Chi Minh, Vietnam",Ho Chi Minh City,Ho Chi Minh,Vietnam,10.6596,106.728,13756,vietnam/ho-chi-minh/ho-chi-minh-city/tp-ho-chi-minh-duong-nguyen-van-tao,2026-01-17,269.0,11.0,15.0,39.0,20.0,44.0,67.0
Tp Ho Chi Minh Duong Nguyen Van Tao,"Tp Ho Chi Minh Duong Nguyen Van Tao, Ho Chi Minh City, Ho Chi Minh, Vietnam",Ho Chi Minh City,Ho Chi Minh,Vietnam,10.6596,106.728,13756,vietnam/ho-chi-minh/ho-chi-minh-city/tp-ho-chi-minh-duong-nguyen-van-tao,2026-01-18,307.0,11.0,16.0,42.0,19.0,40.0,64.0
Tp Ho Chi Minh Duong Nguyen Van Tao,"Tp Ho Chi Minh Duong Nguyen Van Tao, Ho Chi Minh City, Ho Chi Minh, Vietnam",Ho Chi Minh City,Ho Chi Minh,Vietnam,10.6596,106.728,13756,vietnam/ho-chi-minh/ho-chi-minh-city/tp-ho-chi-minh-duong-nguyen-van-tao,2026-01-19,321.0,10.0,20.0,44.0,22.0,42.0,72.0
Tp Ho Chi Minh Duong Nguyen Van Tao,"Tp Ho Chi Minh Duong Nguyen Van Tao, Ho Chi Minh City, Ho Chi Minh, Vietnam",Ho Chi Minh City,Ho Chi Minh,Vietnam,10.6596,106.728,13756,vietnam/ho-chi-minh/ho-chi-minh-city/tp-ho-chi-minh-duong-nguyen-van-tao,2026-01-20,346.0,9.0,19.0,38.0,23.0,45.0,74.0
Tp Ho Chi Minh Duong Nguyen Van Tao,"Tp Ho Chi Minh Duong Nguyen Van Tao, Ho Chi Minh City, Ho Chi Minh, Vietnam",Ho Chi Minh City,Ho Chi Minh,Vietnam,10.6596,106.728,13756,vietnam/ho-chi-minh/ho-chi-minh-city/tp-ho-chi-minh-duong-nguyen-van-tao,2026-01-21,316.0,11.0,17.0,40.0,20.0,45.0,68.0
Tp Ho Chi Minh Duong Nguyen Van Tao,"Tp Ho Chi Minh Duong Nguyen Van Tao, Ho Chi Minh City, Ho Chi Minh, Vietnam",Ho Chi Minh City,Ho Chi Minh,Vietnam,10.6596,106.728,13756,vietnam/ho-chi-minh/ho-chi-minh-city/tp-ho-chi-minh-duong-nguyen-van-tao,2026-01-22,461.0,19.0,15.0,27.0,25.0,61.0,77.0
Tp Ho Chi Minh Duong Nguyen Van Tao,"Tp Ho Chi Minh Duong Nguyen Van Tao, Ho Chi Minh City, Ho Chi Minh, Vietnam",Ho Chi Minh City,Ho Chi Minh,Vietnam,10.6596,106.728,13756,vietnam/ho-chi-minh/ho-chi-minh-city/tp-ho-chi-minh-duong-nguyen-van-tao,2026-01-23,337.0,28.0,6.0,35.0,11.0,54.0,50.0
Tp Ho Chi Minh Duong Nguyen Van Tao,"Tp Ho Chi Minh Duong Nguyen Van Tao, Ho Chi Minh City, Ho Chi Minh, Vietnam",Ho Chi Minh City,Ho Chi Minh,Vietnam,10.6596,106.728,13756,vietnam/ho-chi-minh/ho-chi-minh-city/tp-ho-chi-minh-duong-nguyen-van-tao,2026-01-24,385.0,18.0,7.0,34.0,18.0,68.0,65.0
Tp Ho Chi Minh Duong Nguyen Van Tao,"Tp Ho Chi Minh Duong Nguyen Van Tao, Ho Chi Minh City, Ho Chi Minh, Vietnam",Ho Chi Minh City,Ho Chi Minh,Vietnam,10.6596,106.728,13756,vietnam/ho-chi-minh/ho-chi-minh-city/tp-ho-chi-minh-duong-nguyen-van-tao,2026-01-25,563.0,29.0,6.0,34.0,15.0,62.0,59.0
Tp Ho Chi Minh Duong Nguyen Van Tao,"Tp Ho Chi Minh Duong Nguyen Van Tao, Ho Chi Minh City, Ho Chi Minh, Vietnam",Ho Chi Minh City,Ho Chi Minh,Vietnam,10.6596,106.728,13756,vietnam/ho-chi-minh/ho-chi-minh-city/tp-ho-chi-minh-duong-nguyen-van-tao,2026-01-26,640.0,30.0,6.0,31.0,13.0,56.0,53.0
Tp Ho Chi Minh Duong Nguyen Van Tao,"Tp Ho Chi Minh Duong Nguyen Van Tao, Ho Chi Minh City, Ho Chi Minh, Vietnam",Ho Chi Minh City,Ho Chi Minh,Vietnam,10.6596,106.728,13756,vietnam/ho-chi-minh/ho-chi-minh-city/tp-ho-chi-minh-duong-nguyen-van-tao,2026-01-27,280.0,28.0,5.0,37.0,15.0,60.0,58.0
Tp Ho Chi Minh Duong Nguyen Van Tao,"Tp Ho Chi Minh Duong Nguyen Van Tao, Ho Chi Minh City, Ho Chi Minh, Vietnam",Ho Chi Minh City,Ho Chi Minh,Vietnam,10.6596,106.728,13756,vietnam/ho-chi-minh/ho-chi-minh-city/tp-ho-chi-minh-duong-nguyen-van-tao,2026-01-28,410.0,27.0,5.0,35.0,12.0,56.0,50.0
Tp Ho Chi Minh Duong Nguyen Van Tao,"Tp Ho Chi Minh Duong Nguyen Van Tao, Ho Chi Minh City, Ho Chi Minh, Vietnam",Ho Chi Minh City,Ho Chi Minh,Vietnam,10.6596,106.728,13756,vietnam/ho-chi-minh/ho-chi-minh-city/tp-ho-chi-minh-duong-nguyen-van-tao,2026-01-29,333.0,23.0,7.0,40.0,15.0,66.0,58.0
Ho Chi Minh City US Consulate,"Ho Chi Minh City US Consulate, Ho Chi Minh City, Ho Chi Minh, Vietnam",Ho Chi Minh City,Ho Chi Minh,Vietnam,10.783,106.701,8767,vietnam/ho-chi-minh/ho-chi-minh-city/ho-chi-minh-city-us-consulate,2025-12-31,347.0,12.0,26.0,47.0,25.0,35.0,77.0
Ho Chi Minh City US Consulate,"Ho Chi Minh City US Consulate, Ho Chi Minh City, Ho Chi Minh, Vietnam",Ho Chi Minh City,Ho Chi Minh,Vietnam,10.783,106.701,8767,vietnam/ho-chi-minh/ho-chi-minh-city/ho-chi-minh-city-us-consulate,2026-01-01,351.0,8.0,23.0,44.0,20.0,29.0,68.0
Ho Chi Minh City US Consulate,"Ho Chi Minh City US Consulate, Ho Chi Minh City, Ho Chi Minh, Vietnam",Ho Chi Minh City,Ho Chi Minh,Vietnam,10.783,106.701,8767,vietnam/ho-chi-minh/ho-chi-minh-city/ho-chi-minh-city-us-consulate,2026-01-02,440.0,12.0,31.0,39.0,24.0,37.0,74.0
Ho Chi Minh City US Consulate,"Ho Chi Minh City US Consulate, Ho Chi Minh City, Ho Chi Minh, Vietnam",Ho Chi Minh City,Ho Chi Minh,Vietnam,10.783,106.701,8767,vietnam/ho-chi-minh/ho-chi-minh-city/ho-chi-minh-city-us-consulate,2026-01-03,515.0,14.0,31.0,36.0,27.0,46.0,83.0
Ho Chi Minh City US Consulate,"Ho Chi Minh City US Consulate, Ho Chi Minh City, Ho Chi Minh, Vietnam",Ho Chi Minh City,Ho Chi Minh,Vietnam,10.783,106.701,8767,vietnam/ho-chi-minh/ho-chi-minh-city/ho-chi-minh-city-us-consulate,2026-01-04,491.0,17.0,27.0,38.0,24.0,46.0,74.0
Ho Chi Minh City US Consulate,"Ho Chi Minh City US Consulate, Ho Chi Minh City, Ho Chi Minh, Vietnam",Ho Chi Minh City,Ho Chi Minh,Vietnam,10.783,106.701,8767,vietnam/ho-chi-minh/ho-chi-minh-city/ho-chi-minh-city-us-consulate,2026-01-05,544.0,17.0,28.0,36.0,38.0,58.0,106.0
Ho Chi Minh City US Consulate,"Ho Chi Minh City US Consulate, Ho Chi Minh City, Ho Chi Minh, Vietnam",Ho Chi Minh City,Ho Chi Minh,Vietnam,10.783,106.701,8767,vietnam/ho-chi-minh/ho-chi-minh-city/ho-chi-minh-city-us-consulate,2026-01-06,475.0,21.0,21.0,39.0,30.0,58.0,84.0
Ho Chi Minh City US Consulate,"Ho Chi Minh City US Consulate, Ho Chi Minh City, Ho Chi Minh, Vietnam",Ho Chi Minh City,Ho Chi Minh,Vietnam,10.783,106.701,8767,vietnam/ho-chi-minh/ho-chi-minh-city/ho-chi-minh-city-us-consulate,2026-01-07,426.0,19.0,25.0,42.0,25.0,48.0,78.0
Ho Chi Minh City US Consulate,"Ho Chi Minh City US Consulate, Ho Chi Minh City, Ho Chi Minh, Vietnam",Ho Chi Minh City,Ho Chi Minh,Vietnam,10.783,106.701,8767,vietnam/ho-chi-minh/ho-chi-minh-city/ho-chi-minh-city-us-consulate,2026-01-08,513.0,17.0,26.0,36.0,23.0,42.0,72.0
Ho Chi Minh City US Consulate,"Ho Chi Minh City US Consulate, Ho Chi Minh City, Ho Chi Minh, Vietnam",Ho Chi Minh City,Ho Chi Minh,Vietnam,10.783,106.701,8767,vietnam/ho-chi-minh/ho-chi-minh-city/ho-chi-minh-city-us-consulate,2026-01-09,473.0,17.0,25.0,41.0,25.0,43.0,78.0
Ho Chi Minh City US Consulate,"Ho Chi Minh City US Consulate, Ho Chi Minh City, Ho Chi Minh, Vietnam",Ho Chi Minh City,Ho Chi Minh,Vietnam,10.783,106.701,8767,vietnam/ho-chi-minh/ho-chi-minh-city/ho-chi-minh-city-us-consulate,2026-01-10,561.0,19.0,27.0,40.0,32.0,53.0,94.0
Ho Chi Minh City US Consulate,"Ho Chi Minh City US Consulate, Ho Chi Minh City, Ho Chi Minh, Vietnam",Ho Chi Minh City,Ho Chi Minh,Vietnam,10.783,106.701,8767,vietnam/ho-chi-minh/ho-chi-minh-city/ho-chi-minh-city-us-consulate,2026-01-11,466.0,17.0,24.0,43.0,56.0,79.0,135.0
Ho Chi Minh City US Consulate,"Ho Chi Minh City US Consulate, Ho Chi Minh City, Ho Chi Minh, Vietnam",Ho Chi Minh City,Ho Chi Minh,Vietnam,10.783,106.701,8767,vietnam/ho-chi-minh/ho-chi-minh-city/ho-chi-minh-city-us-consulate,2026-01-12,434.0,17.0,21.0,40.0,31.0,61.0,92.0
Ho Chi Minh City US Consulate,"Ho Chi Minh City US Consulate, Ho Chi Minh City, Ho Chi Minh, Vietnam",Ho Chi Minh City,Ho Chi Minh,Vietnam,10.783,106.701,8767,vietnam/ho-chi-minh/ho-chi-minh-city/ho-chi-minh-city-us-consulate,2026-01-13,342.0,13.0,15.0,39.0,22.0,43.0,71.0
Ho Chi Minh City US Consulate,"Ho Chi Minh City US Consulate, Ho Chi Minh City, Ho Chi Minh, Vietnam",Ho Chi Minh City,Ho Chi Minh,Vietnam,10.783,106.701,8767,vietnam/ho-chi-minh/ho-chi-minh-city/ho-chi-minh-city-us-consulate,2026-01-14,315.0,17.0,12.0,39.0,16.0,40.0,57.0
Ho Chi Minh City US Consulate,"Ho Chi Minh City US Consulate, Ho Chi Minh City, Ho Chi Minh, Vietnam",Ho Chi Minh City,Ho Chi Minh,Vietnam,10.783,106.701,8767,vietnam/ho-chi-minh/ho-chi-minh-city/ho-chi-minh-city-us-consulate,2026-01-15,284.0,15.0,17.0,41.0,20.0,46.0,65.0
Ho Chi Minh City US Consulate,"Ho Chi Minh City US Consulate, Ho Chi Minh City, Ho Chi Minh, Vietnam",Ho Chi Minh City,Ho Chi Minh,Vietnam,10.783,106.701,8767,vietnam/ho-chi-minh/ho-chi-minh-city/ho-chi-minh-city-us-consulate,2026-01-16,316.0,15.0,19.0,40.0,22.0,46.0,71.0
Ho Chi Minh City US Consulate,"Ho Chi Minh City US Consulate, Ho Chi Minh City, Ho Chi Minh, Vietnam",Ho Chi Minh City,Ho Chi Minh,Vietnam,10.783,106.701,8767,vietnam/ho-chi-minh/ho-chi-minh-city/ho-chi-minh-city-us-consulate,2026-01-17,270.0,17.0,17.0,41.0,19.0,45.0,63.0
Ho Chi Minh City US Consulate,"Ho Chi Minh City US Consulate, Ho Chi Minh City, Ho Chi Minh, Vietnam",Ho Chi Minh City,Ho Chi Minh,Vietnam,10.783,106.701,8767,vietnam/ho-chi-minh/ho-chi-minh-city/ho-chi-minh-city-us-consulate,2026-01-18,315.0,16.0,18.0,42.0,17.0,40.0,60.0
Ho Chi Minh City US Consulate,"Ho Chi Minh City US Consulate, Ho Chi Minh City, Ho Chi Minh, Vietnam",Ho Chi Minh City,Ho Chi Minh,Vietnam,10.783,106.701,8767,vietnam/ho-chi-minh/ho-chi-minh-city/ho-chi-minh-city-us-consulate,2026-01-19,335.0,13.0,22.0,44.0,21.0,41.0,69.0
Ho Chi Minh City US Consulate,"Ho Chi Minh City US Consulate, Ho Chi Minh City, Ho Chi Minh, Vietnam",Ho Chi Minh City,Ho Chi Minh,Vietnam,10.783,106.701,8767,vietnam/ho-chi-minh/ho-chi-minh-city/ho-chi-minh-city-us-consulate,2026-01-20,347.0,10.0,21.0,36.0,22.0,44.0,70.0
Ho Chi Minh City US Consulate,"Ho Chi Minh City US Consulate, Ho Chi Minh City, Ho Chi Minh, Vietnam",Ho Chi Minh City,Ho Chi Minh,Vietnam,10.783,106.701,8767,vietnam/ho-chi-minh/ho-chi-minh-city/ho-chi-minh-city-us-consulate,2026-01-21,324.0,15.0,18.0,43.0,20.0,45.0,66.0
Ho Chi Minh City US Consulate,"Ho Chi Minh City US Consulate, Ho Chi Minh City, Ho Chi Minh, Vietnam",Ho Chi Minh City,Ho Chi Minh,Vietnam,10.783,106.701,8767,vietnam/ho-chi-minh/ho-chi-minh-city/ho-chi-minh-city-us-consulate,2026-01-22,469.0,21.0,16.0,29.0,24.0,62.0,75.0
Ho Chi Minh City US Consulate,"Ho Chi Minh City US Consulate, Ho Chi Minh City, Ho Chi Minh, Vietnam",Ho Chi Minh City,Ho Chi Minh,Vietnam,10.783,106.701,8767,vietnam/ho-chi-minh/ho-chi-minh-city/ho-chi-minh-city-us-consulate,2026-01-23,335.0,29.0,6.0,39.0,11.0,53.0,49.0
Ho Chi Minh City US Consulate,"Ho Chi Minh City US Consulate, Ho Chi Minh City, Ho Chi Minh, Vietnam",Ho Chi Minh City,Ho Chi Minh,Vietnam,10.783,106.701,8767,vietnam/ho-chi-minh/ho-chi-minh-city/ho-chi-minh-city-us-consulate,2026-01-24,382.0,17.0,7.0,36.0,18.0,69.0,66.0
Ho Chi Minh City US Consulate,"Ho Chi Minh City US Consulate, Ho Chi Minh City, Ho Chi Minh, Vietnam",Ho Chi Minh City,Ho Chi Minh,Vietnam,10.783,106.701,8767,vietnam/ho-chi-minh/ho-chi-minh-city/ho-chi-minh-city-us-consulate,2026-01-25,564.0,29.0,6.0,37.0,15.0,61.0,58.0
Ho Chi Minh City US Consulate,"Ho Chi Minh City US Consulate, Ho Chi Minh City, Ho Chi Minh, Vietnam",Ho Chi Minh City,Ho Chi Minh,Vietnam,10.783,106.701,8767,vietnam/ho-chi-minh/ho-chi-minh-city/ho-chi-minh-city-us-consulate,2026-01-26,640.0,29.0,5.0,33.0,12.0,54.0,51.0
Ho Chi Minh City US Consulate,"Ho Chi Minh City US Consulate, Ho Chi Minh City, Ho Chi Minh, Vietnam",Ho Chi Minh City,Ho Chi Minh,Vietnam,10.783,106.701,8767,vietnam/ho-chi-minh/ho-chi-minh-city/ho-chi-minh-city-us-consulate,2026-01-27,279.0,28.0,5.0,40.0,15.0,58.0,58.0
Ho Chi Minh City US Consulate,"Ho Chi Minh City US Consulate, Ho Chi Minh City, Ho Chi Minh, Vietnam",Ho Chi Minh City,Ho Chi Minh,Vietnam,10.783,106.701,8767,vietnam/ho-chi-minh/ho-chi-minh-city/ho-chi-minh-city-us-consulate,2026-01-28,408.0,27.0,5.0,37.0,12.0,54.0,49.0
Ho Chi Minh City US Consulate,"Ho Chi Minh City US Consulate, Ho Chi Minh City, Ho Chi Minh, Vietnam",Ho Chi Minh City,Ho Chi Minh,Vietnam,10.783,106.701,8767,vietnam/ho-chi-minh/ho-chi-minh-city/ho-chi-minh-city-us-consulate,2026-01-29,333.0,23.0,7.0,41.0,16.0,66.0,58.0
Duong Ngo Quang Tham,"Duong Ngo Quang Tham, Ho Chi Minh City, Ho Chi Minh, Vietnam",Ho Chi Minh City,Ho Chi Minh,Vietnam,10.658,106.724,-102721,vietnam/ho-chi-minh/ho-chi-minh-city/duong-ngo-quang-tham,2025-12-31,345.0,10.0,24.0,46.0,26.0,35.0,80.0
Duong Ngo Quang Tham,"Duong Ngo Quang Tham, Ho Chi Minh City, Ho Chi Minh, Vietnam",Ho Chi Minh City,Ho Chi Minh,Vietnam,10.658,106.724,-102721,vietnam/ho-chi-minh/ho-chi-minh-city/duong-ngo-quang-tham,2026-01-01,334.0,7.0,23.0,43.0,21.0,31.0,68.0
Duong Ngo Quang Tham,"Duong Ngo Quang Tham, Ho Chi Minh City, Ho Chi Minh, Vietnam",Ho Chi Minh City,Ho Chi Minh,Vietnam,10.658,106.724,-102721,vietnam/ho-chi-minh/ho-chi-minh-city/duong-ngo-quang-tham,2026-01-02,427.0,10.0,29.0,38.0,25.0,39.0,77.0
Duong Ngo Quang Tham,"Duong Ngo Quang Tham, Ho Chi Minh City, Ho Chi Minh, Vietnam",Ho Chi Minh City,Ho Chi Minh,Vietnam,10.658,106.724,-102721,vietnam/ho-chi-minh/ho-chi-minh-city/duong-ngo-quang-tham,2026-01-03,517.0,12.0,30.0,35.0,28.0,46.0,84.0
Duong Ngo Quang Tham,"Duong Ngo Quang Tham, Ho Chi Minh City, Ho Chi Minh, Vietnam",Ho Chi Minh City,Ho Chi Minh,Vietnam,10.658,106.724,-102721,vietnam/ho-chi-minh/ho-chi-minh-city/duong-ngo-quang-tham,2026-01-04,481.0,13.0,25.0,38.0,25.0,46.0,78.0
Duong Ngo Quang Tham,"Duong Ngo Quang Tham, Ho Chi Minh City, Ho Chi Minh, Vietnam",Ho Chi Minh City,Ho Chi Minh,Vietnam,10.658,106.724,-102721,vietnam/ho-chi-minh/ho-chi-minh-city/duong-ngo-quang-tham,2026-01-05,529.0,14.0,26.0,35.0,39.0,57.0,110.0
Duong Ngo Quang Tham,"Duong Ngo Quang Tham, Ho Chi Minh City, Ho Chi Minh, Vietnam",Ho Chi Minh City,Ho Chi Minh,Vietnam,10.658,106.724,-102721,vietnam/ho-chi-minh/ho-chi-minh-city/duong-ngo-quang-tham,2026-01-06,462.0,19.0,21.0,36.0,28.0,56.0,81.0
Duong Ngo Quang Tham,"Duong Ngo Quang Tham, Ho Chi Minh City, Ho Chi Minh, Vietnam",Ho Chi Minh City,Ho Chi Minh,Vietnam,10.658,106.724,-102721,vietnam/ho-chi-minh/ho-chi-minh-city/duong-ngo-quang-tham,2026-01-07,422.0,14.0,24.0,44.0,27.0,45.0,82.0
Duong Ngo Quang Tham,"Duong Ngo Quang Tham, Ho Chi Minh City, Ho Chi Minh, Vietnam",Ho Chi Minh City,Ho Chi Minh,Vietnam,10.658,106.724,-102721,vietnam/ho-chi-minh/ho-chi-minh-city/duong-ngo-quang-tham,2026-01-08,502.0,13.0,24.0,37.0,24.0,41.0,77.0
Duong Ngo Quang Tham,"Duong Ngo Quang Tham, Ho Chi Minh City, Ho Chi Minh, Vietnam",Ho Chi Minh City,Ho Chi Minh,Vietnam,10.658,106.724,-102721,vietnam/ho-chi-minh/ho-chi-minh-city/duong-ngo-quang-tham,2026-01-09,453.0,13.0,23.0,41.0,27.0,43.0,83.0
Duong Ngo Quang Tham,"Duong Ngo Quang Tham, Ho Chi Minh City, Ho Chi Minh, Vietnam",Ho Chi Minh City,Ho Chi Minh,Vietnam,10.658,106.724,-102721,vietnam/ho-chi-minh/ho-chi-minh-city/duong-ngo-quang-tham,2026-01-10,545.0,15.0,26.0,40.0,32.0,50.0,92.0
Duong Ngo Quang Tham,"Duong Ngo Quang Tham, Ho Chi Minh City, Ho Chi Minh, Vietnam",Ho Chi Minh City,Ho Chi Minh,Vietnam,10.658,106.724,-102721,vietnam/ho-chi-minh/ho-chi-minh-city/duong-ngo-quang-tham,2026-01-11,454.0,14.0,21.0,44.0,57.0,75.0,138.0
Duong Ngo Quang Tham,"Duong Ngo Quang Tham, Ho Chi Minh City, Ho Chi Minh, Vietnam",Ho Chi Minh City,Ho Chi Minh,Vietnam,10.658,106.724,-102721,vietnam/ho-chi-minh/ho-chi-minh-city/duong-ngo-quang-tham,2026-01-12,426.0,13.0,19.0,40.0,32.0,58.0,94.0
Duong Ngo Quang Tham,"Duong Ngo Quang Tham, Ho Chi Minh City, Ho Chi Minh, Vietnam",Ho Chi Minh City,Ho Chi Minh,Vietnam,10.658,106.724,-102721,vietnam/ho-chi-minh/ho-chi-minh-city/duong-ngo-quang-tham,2026-01-13,329.0,10.0,14.0,39.0,22.0,42.0,72.0
Duong Ngo Quang Tham,"Duong Ngo Quang Tham, Ho Chi Minh City, Ho Chi Minh, Vietnam",Ho Chi Minh City,Ho Chi Minh,Vietnam,10.658,106.724,-102721,vietnam/ho-chi-minh/ho-chi-minh-city/duong-ngo-quang-tham,2026-01-14,309.0,12.0,12.0,37.0,17.0,40.0,60.0
Duong Ngo Quang Tham,"Duong Ngo Quang Tham, Ho Chi Minh City, Ho Chi Minh, Vietnam",Ho Chi Minh City,Ho Chi Minh,Vietnam,10.658,106.724,-102721,vietnam/ho-chi-minh/ho-chi-minh-city/duong-ngo-quang-tham,2026-01-15,272.0,11.0,15.0,39.0,21.0,45.0,68.0
Duong Ngo Quang Tham,"Duong Ngo Quang Tham, Ho Chi Minh City, Ho Chi Minh, Vietnam",Ho Chi Minh City,Ho Chi Minh,Vietnam,10.658,106.724,-102721,vietnam/ho-chi-minh/ho-chi-minh-city/duong-ngo-quang-tham,2026-01-16,309.0,10.0,18.0,38.0,24.0,47.0,75.0
Duong Ngo Quang Tham,"Duong Ngo Quang Tham, Ho Chi Minh City, Ho Chi Minh, Vietnam",Ho Chi Minh City,Ho Chi Minh,Vietnam,10.658,106.724,-102721,vietnam/ho-chi-minh/ho-chi-minh-city/duong-ngo-quang-tham,2026-01-17,266.0,12.0,15.0,39.0,20.0,44.0,67.0
Duong Ngo Quang Tham,"Duong Ngo Quang Tham, Ho Chi Minh City, Ho Chi Minh, Vietnam",Ho Chi Minh City,Ho Chi Minh,Vietnam,10.658,106.724,-102721,vietnam/ho-chi-minh/ho-chi-minh-city/duong-ngo-quang-tham,2026-01-18,305.0,11.0,16.0,41.0,19.0,40.0,64.0
Duong Ngo Quang Tham,"Duong Ngo Quang Tham, Ho Chi Minh City, Ho Chi Minh, Vietnam",Ho Chi Minh City,Ho Chi Minh,Vietnam,10.658,106.724,-102721,vietnam/ho-chi-minh/ho-chi-minh-city/duong-ngo-quang-tham,2026-01-19,316.0,10.0,19.0,43.0,23.0,41.0,72.0
Duong Ngo Quang Tham,"Duong Ngo Quang Tham, Ho Chi Minh City, Ho Chi Minh, Vietnam",Ho Chi Minh City,Ho Chi Minh,Vietnam,10.658,106.724,-102721,vietnam/ho-chi-minh/ho-chi-minh-city/duong-ngo-quang-tham,2026-01-20,339.0,9.0,19.0,37.0,23.0,45.0,73.0
Duong Ngo Quang Tham,"Duong Ngo Quang Tham, Ho Chi Minh City, Ho Chi Minh, Vietnam",Ho Chi Minh City,Ho Chi Minh,Vietnam,10.658,106.724,-102721,vietnam/ho-chi-minh/ho-chi-minh-city/duong-ngo-quang-tham,2026-01-21,320.0,11.0,17.0,41.0,20.0,45.0,67.0
Duong Ngo Quang Tham,"Duong Ngo Quang Tham, Ho Chi Minh City, Ho Chi Minh, Vietnam",Ho Chi Minh City,Ho Chi Minh,Vietnam,10.658,106.724,-102721,vietnam/ho-chi-minh/ho-chi-minh-city/duong-ngo-quang-tham,2026-01-22,469.0,19.0,15.0,27.0,25.0,61.0,77.0
Duong Ngo Quang Tham,"Duong Ngo Quang Tham, Ho Chi Minh City, Ho Chi Minh, Vietnam",Ho Chi Minh City,Ho Chi Minh,Vietnam,10.658,106.724,-102721,vietnam/ho-chi-minh/ho-chi-minh-city/duong-ngo-quang-tham,2026-01-23,328.0,28.0,6.0,35.0,11.0,54.0,49.0
Duong Ngo Quang Tham,"Duong Ngo Quang Tham, Ho Chi Minh City, Ho Chi Minh, Vietnam",Ho Chi Minh City,Ho Chi Minh,Vietnam,10.658,106.724,-102721,vietnam/ho-chi-minh/ho-chi-minh-city/duong-ngo-quang-tham,2026-01-24,387.0,17.0,7.0,34.0,18.0,68.0,64.0
Duong Ngo Quang Tham,"Duong Ngo Quang Tham, Ho Chi Minh City, Ho Chi Minh, Vietnam",Ho Chi Minh City,Ho Chi Minh,Vietnam,10.658,106.724,-102721,vietnam/ho-chi-minh/ho-chi-minh-city/duong-ngo-quang-tham,2026-01-25,563.0,29.0,6.0,34.0,15.0,62.0,59.0
Duong Ngo Quang Tham,"Duong Ngo Quang Tham, Ho Chi Minh City, Ho Chi Minh, Vietnam",Ho Chi Minh City,Ho Chi Minh,Vietnam,10.658,106.724,-102721,vietnam/ho-chi-minh/ho-chi-minh-city/duong-ngo-quang-tham,2026-01-26,641.0,30.0,6.0,30.0,13.0,54.0,52.0
Duong Ngo Quang Tham,"Duong Ngo Quang Tham, Ho Chi Minh City, Ho Chi Minh, Vietnam",Ho Chi Minh City,Ho Chi Minh,Vietnam,10.658,106.724,-102721,vietnam/ho-chi-minh/ho-chi-minh-city/duong-ngo-quang-tham,2026-01-27,284.0,28.0,5.0,37.0,15.0,58.0,57.0
Duong Ngo Quang Tham,"Duong Ngo Quang Tham, Ho Chi Minh City, Ho Chi Minh, Vietnam",Ho Chi Minh City,Ho Chi Minh,Vietnam,10.658,106.724,-102721,vietnam/ho-chi-minh/ho-chi-minh-city/duong-ngo-quang-tham,2026-01-28,407.0,27.0,6.0,35.0,12.0,57.0,50.0
Duong Ngo Quang Tham,"Duong Ngo Quang Tham, Ho Chi Minh City, Ho Chi Minh, Vietnam",Ho Chi Minh City,Ho Chi Minh,Vietnam,10.658,106.724,-102721,vietnam/ho-chi-minh/ho-chi-minh-city/duong-ngo-quang-tham,2026-01-29,331.0,23.0,7.0,39.0,15.0,67.0,58.0
Long An TT van hoa huyen Can Giuoc,"Long An TT van hoa huyen Can Giuoc, Ho Chi Minh City, Ho Chi Minh, Vietnam",Ho Chi Minh City,Ho Chi Minh,Vietnam,10.6056,106.666,13670,vietnam/ho-chi-minh/ho-chi-minh-city/long-an-tt-van-hoa-huyen-can-giuoc,2025-12-31,350.0,8.0,22.0,45.0,27.0,35.0,82.0
Long An TT van hoa huyen Can Giuoc,"Long An TT van hoa huyen Can Giuoc, Ho Chi Minh City, Ho Chi Minh, Vietnam",Ho Chi Minh City,Ho Chi Minh,Vietnam,10.6056,106.666,13670,vietnam/ho-chi-minh/ho-chi-minh-city/long-an-tt-van-hoa-huyen-can-giuoc,2026-01-01,341.0,6.0,23.0,42.0,22.0,31.0,71.0
Long An TT van hoa huyen Can Giuoc,"Long An TT van hoa huyen Can Giuoc, Ho Chi Minh City, Ho Chi Minh, Vietnam",Ho Chi Minh City,Ho Chi Minh,Vietnam,10.6056,106.666,13670,vietnam/ho-chi-minh/ho-chi-minh-city/long-an-tt-van-hoa-huyen-can-giuoc,2026-01-02,426.0,9.0,26.0,41.0,27.0,37.0,81.0
Long An TT van hoa huyen Can Giuoc,"Long An TT van hoa huyen Can Giuoc, Ho Chi Minh City, Ho Chi Minh, Vietnam",Ho Chi Minh City,Ho Chi Minh,Vietnam,10.6056,106.666,13670,vietnam/ho-chi-minh/ho-chi-minh-city/long-an-tt-van-hoa-huyen-can-giuoc,2026-01-03,514.0,10.0,27.0,40.0,30.0,44.0,88.0
Long An TT van hoa huyen Can Giuoc,"Long An TT van hoa huyen Can Giuoc, Ho Chi Minh City, Ho Chi Minh, Vietnam",Ho Chi Minh City,Ho Chi Minh,Vietnam,10.6056,106.666,13670,vietnam/ho-chi-minh/ho-chi-minh-city/long-an-tt-van-hoa-huyen-can-giuoc,2026-01-04,512.0,12.0,25.0,39.0,28.0,42.0,84.0
Long An TT van hoa huyen Can Giuoc,"Long An TT van hoa huyen Can Giuoc, Ho Chi Minh City, Ho Chi Minh, Vietnam",Ho Chi Minh City,Ho Chi Minh,Vietnam,10.6056,106.666,13670,vietnam/ho-chi-minh/ho-chi-minh-city/long-an-tt-van-hoa-huyen-can-giuoc,2026-01-05,545.0,14.0,26.0,38.0,39.0,52.0,110.0
Long An TT van hoa huyen Can Giuoc,"Long An TT van hoa huyen Can Giuoc, Ho Chi Minh City, Ho Chi Minh, Vietnam",Ho Chi Minh City,Ho Chi Minh,Vietnam,10.6056,106.666,13670,vietnam/ho-chi-minh/ho-chi-minh-city/long-an-tt-van-hoa-huyen-can-giuoc,2026-01-06,464.0,19.0,23.0,36.0,28.0,54.0,82.0
Long An TT van hoa huyen Can Giuoc,"Long An TT van hoa huyen Can Giuoc, Ho Chi Minh City, Ho Chi Minh, Vietnam",Ho Chi Minh City,Ho Chi Minh,Vietnam,10.6056,106.666,13670,vietnam/ho-chi-minh/ho-chi-minh-city/long-an-tt-van-hoa-huyen-can-giuoc,2026-01-07,433.0,12.0,25.0,42.0,29.0,45.0,86.0
Long An TT van hoa huyen Can Giuoc,"Long An TT van hoa huyen Can Giuoc, Ho Chi Minh City, Ho Chi Minh, Vietnam",Ho Chi Minh City,Ho Chi Minh,Vietnam,10.6056,106.666,13670,vietnam/ho-chi-minh/ho-chi-minh-city/long-an-tt-van-hoa-huyen-can-giuoc,2026-01-08,503.0,11.0,25.0,38.0,26.0,42.0,79.0
Long An TT van hoa huyen Can Giuoc,"Long An TT van hoa huyen Can Giuoc, Ho Chi Minh City, Ho Chi Minh, Vietnam",Ho Chi Minh City,Ho Chi Minh,Vietnam,10.6056,106.666,13670,vietnam/ho-chi-minh/ho-chi-minh-city/long-an-tt-van-hoa-huyen-can-giuoc,2026-01-09,466.0,12.0,24.0,40.0,29.0,43.0,86.0
Long An TT van hoa huyen Can Giuoc,"Long An TT van hoa huyen Can Giuoc, Ho Chi Minh City, Ho Chi Minh, Vietnam",Ho Chi Minh City,Ho Chi Minh,Vietnam,10.6056,106.666,13670,vietnam/ho-chi-minh/ho-chi-minh-city/long-an-tt-van-hoa-huyen-can-giuoc,2026-01-10,547.0,15.0,25.0,41.0,33.0,48.0,95.0
Long An TT van hoa huyen Can Giuoc,"Long An TT van hoa huyen Can Giuoc, Ho Chi Minh City, Ho Chi Minh, Vietnam",Ho Chi Minh City,Ho Chi Minh,Vietnam,10.6056,106.666,13670,vietnam/ho-chi-minh/ho-chi-minh-city/long-an-tt-van-hoa-huyen-can-giuoc,2026-01-11,490.0,14.0,23.0,48.0,56.0,68.0,137.0
Long An TT van hoa huyen Can Giuoc,"Long An TT van hoa huyen Can Giuoc, Ho Chi Minh City, Ho Chi Minh, Vietnam",Ho Chi Minh City,Ho Chi Minh,Vietnam,10.6056,106.666,13670,vietnam/ho-chi-minh/ho-chi-minh-city/long-an-tt-van-hoa-huyen-can-giuoc,2026-01-12,451.0,13.0,23.0,43.0,35.0,55.0,100.0
Long An TT van hoa huyen Can Giuoc,"Long An TT van hoa huyen Can Giuoc, Ho Chi Minh City, Ho Chi Minh, Vietnam",Ho Chi Minh City,Ho Chi Minh,Vietnam,10.6056,106.666,13670,vietnam/ho-chi-minh/ho-chi-minh-city/long-an-tt-van-hoa-huyen-can-giuoc,2026-01-13,337.0,10.0,15.0,41.0,24.0,38.0,75.0
Long An TT van hoa huyen Can Giuoc,"Long An TT van hoa huyen Can Giuoc, Ho Chi Minh City, Ho Chi Minh, Vietnam",Ho Chi Minh City,Ho Chi Minh,Vietnam,10.6056,106.666,13670,vietnam/ho-chi-minh/ho-chi-minh-city/long-an-tt-van-hoa-huyen-can-giuoc,2026-01-14,324.0,12.0,14.0,40.0,19.0,35.0,63.0
Long An TT van hoa huyen Can Giuoc,"Long An TT van hoa huyen Can Giuoc, Ho Chi Minh City, Ho Chi Minh, Vietnam",Ho Chi Minh City,Ho Chi Minh,Vietnam,10.6056,106.666,13670,vietnam/ho-chi-minh/ho-chi-minh-city/long-an-tt-van-hoa-huyen-can-giuoc,2026-01-15,287.0,10.0,15.0,43.0,22.0,39.0,70.0
Long An TT van hoa huyen Can Giuoc,"Long An TT van hoa huyen Can Giuoc, Ho Chi Minh City, Ho Chi Minh, Vietnam",Ho Chi Minh City,Ho Chi Minh,Vietnam,10.6056,106.666,13670,vietnam/ho-chi-minh/ho-chi-minh-city/long-an-tt-van-hoa-huyen-can-giuoc,2026-01-16,321.0,10.0,18.0,43.0,26.0,42.0,80.0
Long An TT van hoa huyen Can Giuoc,"Long An TT van hoa huyen Can Giuoc, Ho Chi Minh City, Ho Chi Minh, Vietnam",Ho Chi Minh City,Ho Chi Minh,Vietnam,10.6056,106.666,13670,vietnam/ho-chi-minh/ho-chi-minh-city/long-an-tt-van-hoa-huyen-can-giuoc,2026-01-17,284.0,11.0,15.0,43.0,22.0,42.0,72.0
Long An TT van hoa huyen Can Giuoc,"Long An TT van hoa huyen Can Giuoc, Ho Chi Minh City, Ho Chi Minh, Vietnam",Ho Chi Minh City,Ho Chi Minh,Vietnam,10.6056,106.666,13670,vietnam/ho-chi-minh/ho-chi-minh-city/long-an-tt-van-hoa-huyen-can-giuoc,2026-01-18,323.0,10.0,16.0,46.0,21.0,39.0,69.0
Long An TT van hoa huyen Can Giuoc,"Long An TT van hoa huyen Can Giuoc, Ho Chi Minh City, Ho Chi Minh, Vietnam",Ho Chi Minh City,Ho Chi Minh,Vietnam,10.6056,106.666,13670,vietnam/ho-chi-minh/ho-chi-minh-city/long-an-tt-van-hoa-huyen-can-giuoc,2026-01-19,343.0,9.0,19.0,45.0,24.0,40.0,75.0
Long An TT van hoa huyen Can Giuoc,"Long An TT van hoa huyen Can Giuoc, Ho Chi Minh City, Ho Chi Minh, Vietnam",Ho Chi Minh City,Ho Chi Minh,Vietnam,10.6056,106.666,13670,vietnam/ho-chi-minh/ho-chi-minh-city/long-an-tt-van-hoa-huyen-can-giuoc,2026-01-20,362.0,8.0,20.0,40.0,24.0,42.0,76.0
Long An TT van hoa huyen Can Giuoc,"Long An TT van hoa huyen Can Giuoc, Ho Chi Minh City, Ho Chi Minh, Vietnam",Ho Chi Minh City,Ho Chi Minh,Vietnam,10.6056,106.666,13670,vietnam/ho-chi-minh/ho-chi-minh-city/long-an-tt-van-hoa-huyen-can-giuoc,2026-01-21,333.0,10.0,17.0,46.0,22.0,41.0,71.0
Long An TT van hoa huyen Can Giuoc,"Long An TT van hoa huyen Can Giuoc, Ho Chi Minh City, Ho Chi Minh, Vietnam",Ho Chi Minh City,Ho Chi Minh,Vietnam,10.6056,106.666,13670,vietnam/ho-chi-minh/ho-chi-minh-city/long-an-tt-van-hoa-huyen-can-giuoc,2026-01-22,466.0,19.0,16.0,28.0,26.0,58.0,79.0
Long An TT van hoa huyen Can Giuoc,"Long An TT van hoa huyen Can Giuoc, Ho Chi Minh City, Ho Chi Minh, Vietnam",Ho Chi Minh City,Ho Chi Minh,Vietnam,10.6056,106.666,13670,vietnam/ho-chi-minh/ho-chi-minh-city/long-an-tt-van-hoa-huyen-can-giuoc,2026-01-23,334.0,28.0,8.0,33.0,12.0,53.0,51.0
Long An TT van hoa huyen Can Giuoc,"Long An TT van hoa huyen Can Giuoc, Ho Chi Minh City, Ho Chi Minh, Vietnam",Ho Chi Minh City,Ho Chi Minh,Vietnam,10.6056,106.666,13670,vietnam/ho-chi-minh/ho-chi-minh-city/long-an-tt-van-hoa-huyen-can-giuoc,2026-01-24,382.0,17.0,9.0,33.0,17.0,66.0,63.0
Long An TT van hoa huyen Can Giuoc,"Long An TT van hoa huyen Can Giuoc, Ho Chi Minh City, Ho Chi Minh, Vietnam",Ho Chi Minh City,Ho Chi Minh,Vietnam,10.6056,106.666,13670,vietnam/ho-chi-minh/ho-chi-minh-city/long-an-tt-van-hoa-huyen-can-giuoc,2026-01-25,559.0,29.0,7.0,34.0,15.0,61.0,58.0
Long An TT van hoa huyen Can Giuoc,"Long An TT van hoa huyen Can Giuoc, Ho Chi Minh City, Ho Chi Minh, Vietnam",Ho Chi Minh City,Ho Chi Minh,Vietnam,10.6056,106.666,13670,vietnam/ho-chi-minh/ho-chi-minh-city/long-an-tt-van-hoa-huyen-can-giuoc,2026-01-26,639.0,30.0,7.0,30.0,12.0,54.0,52.0
Long An TT van hoa huyen Can Giuoc,"Long An TT van hoa huyen Can Giuoc, Ho Chi Minh City, Ho Chi Minh, Vietnam",Ho Chi Minh City,Ho Chi Minh,Vietnam,10.6056,106.666,13670,vietnam/ho-chi-minh/ho-chi-minh-city/long-an-tt-van-hoa-huyen-can-giuoc,2026-01-27,283.0,28.0,8.0,36.0,15.0,57.0,57.0
Long An TT van hoa huyen Can Giuoc,"Long An TT van hoa huyen Can Giuoc, Ho Chi Minh City, Ho Chi Minh, Vietnam",Ho Chi Minh City,Ho Chi Minh,Vietnam,10.6056,106.666,13670,vietnam/ho-chi-minh/ho-chi-minh-city/long-an-tt-van-hoa-huyen-can-giuoc,2026-01-28,408.0,26.0,8.0,34.0,12.0,56.0,50.0
Long An TT van hoa huyen Can Giuoc,"Long An TT van hoa huyen Can Giuoc, Ho Chi Minh City, Ho Chi Minh, Vietnam",Ho Chi Minh City,Ho Chi Minh,Vietnam,10.6056,106.666,13670,vietnam/ho-chi-minh/ho-chi-minh-city/long-an-tt-van-hoa-huyen-can-giuoc,2026-01-29,335.0,23.0,9.0,39.0,15.0,65.0,58.0
Long An xa Duc Lap Ha,"Long An xa Duc Lap Ha, Ho Chi Minh City, Ho Chi Minh, Vietnam",Ho Chi Minh City,Ho Chi Minh,Vietnam,10.9127,106.431,13669,vietnam/ho-chi-minh/ho-chi-minh-city/long-an-xa-duc-lap-ha,2025-12-31,383.0,9.0,23.0,46.0,27.0,47.0,81.0
Long An xa Duc Lap Ha,"Long An xa Duc Lap Ha, Ho Chi Minh City, Ho Chi Minh, Vietnam",Ho Chi Minh City,Ho Chi Minh,Vietnam,10.9127,106.431,13669,vietnam/ho-chi-minh/ho-chi-minh-city/long-an-xa-duc-lap-ha,2026-01-01,349.0,6.0,20.0,46.0,20.0,47.0,67.0
Long An xa Duc Lap Ha,"Long An xa Duc Lap Ha, Ho Chi Minh City, Ho Chi Minh, Vietnam",Ho Chi Minh City,Ho Chi Minh,Vietnam,10.9127,106.431,13669,vietnam/ho-chi-minh/ho-chi-minh-city/long-an-xa-duc-lap-ha,2026-01-02,436.0,10.0,24.0,44.0,25.0,47.0,77.0
Long An xa Duc Lap Ha,"Long An xa Duc Lap Ha, Ho Chi Minh City, Ho Chi Minh, Vietnam",Ho Chi Minh City,Ho Chi Minh,Vietnam,10.9127,106.431,13669,vietnam/ho-chi-minh/ho-chi-minh-city/long-an-xa-duc-lap-ha,2026-01-03,462.0,8.0,24.0,40.0,23.0,45.0,74.0
Long An xa Duc Lap Ha,"Long An xa Duc Lap Ha, Ho Chi Minh City, Ho Chi Minh, Vietnam",Ho Chi Minh City,Ho Chi Minh,Vietnam,10.9127,106.431,13669,vietnam/ho-chi-minh/ho-chi-minh-city/long-an-xa-duc-lap-ha,2026-01-04,460.0,9.0,21.0,39.0,24.0,42.0,76.0
Long An xa Duc Lap Ha,"Long An xa Duc Lap Ha, Ho Chi Minh City, Ho Chi Minh, Vietnam",Ho Chi Minh City,Ho Chi Minh,Vietnam,10.9127,106.431,13669,vietnam/ho-chi-minh/ho-chi-minh-city/long-an-xa-duc-lap-ha,2026-01-05,547.0,12.0,24.0,38.0,29.0,47.0,86.0
Long An xa Duc Lap Ha,"Long An xa Duc Lap Ha, Ho Chi Minh City, Ho Chi Minh, Vietnam",Ho Chi Minh City,Ho Chi Minh,Vietnam,10.9127,106.431,13669,vietnam/ho-chi-minh/ho-chi-minh-city/long-an-xa-duc-lap-ha,2026-01-06,489.0,18.0,21.0,40.0,22.0,54.0,71.0
Long An xa Duc Lap Ha,"Long An xa Duc Lap Ha, Ho Chi Minh City, Ho Chi Minh, Vietnam",Ho Chi Minh City,Ho Chi Minh,Vietnam,10.9127,106.431,13669,vietnam/ho-chi-minh/ho-chi-minh-city/long-an-xa-duc-lap-ha,2026-01-07,410.0,10.0,21.0,49.0,26.0,46.0,80.0
Long An xa Duc Lap Ha,"Long An xa Duc Lap Ha, Ho Chi Minh City, Ho Chi Minh, Vietnam",Ho Chi Minh City,Ho Chi Minh,Vietnam,10.9127,106.431,13669,vietnam/ho-chi-minh/ho-chi-minh-city/long-an-xa-duc-lap-ha,2026-01-08,442.0,9.0,21.0,39.0,23.0,39.0,73.0
Long An xa Duc Lap Ha,"Long An xa Duc Lap Ha, Ho Chi Minh City, Ho Chi Minh, Vietnam",Ho Chi Minh City,Ho Chi Minh,Vietnam,10.9127,106.431,13669,vietnam/ho-chi-minh/ho-chi-minh-city/long-an-xa-duc-lap-ha,2026-01-09,402.0,9.0,20.0,46.0,24.0,40.0,76.0
Long An xa Duc Lap Ha,"Long An xa Duc Lap Ha, Ho Chi Minh City, Ho Chi Minh, Vietnam",Ho Chi Minh City,Ho Chi Minh,Vietnam,10.9127,106.431,13669,vietnam/ho-chi-minh/ho-chi-minh-city/long-an-xa-duc-lap-ha,2026-01-10,501.0,12.0,22.0,45.0,27.0,48.0,81.0
Long An xa Duc Lap Ha,"Long An xa Duc Lap Ha, Ho Chi Minh City, Ho Chi Minh, Vietnam",Ho Chi Minh City,Ho Chi Minh,Vietnam,10.9127,106.431,13669,vietnam/ho-chi-minh/ho-chi-minh-city/long-an-xa-duc-lap-ha,2026-01-11,507.0,13.0,23.0,46.0,37.0,67.0,106.0
Long An xa Duc Lap Ha,"Long An xa Duc Lap Ha, Ho Chi Minh City, Ho Chi Minh, Vietnam",Ho Chi Minh City,Ho Chi Minh,Vietnam,10.9127,106.431,13669,vietnam/ho-chi-minh/ho-chi-minh-city/long-an-xa-duc-lap-ha,2026-01-12,460.0,11.0,20.0,45.0,26.0,63.0,79.0
Long An xa Duc Lap Ha,"Long An xa Duc Lap Ha, Ho Chi Minh City, Ho Chi Minh, Vietnam",Ho Chi Minh City,Ho Chi Minh,Vietnam,10.9127,106.431,13669,vietnam/ho-chi-minh/ho-chi-minh-city/long-an-xa-duc-lap-ha,2026-01-13,368.0,10.0,14.0,44.0,21.0,50.0,69.0
Long An xa Duc Lap Ha,"Long An xa Duc Lap Ha, Ho Chi Minh City, Ho Chi Minh, Vietnam",Ho Chi Minh City,Ho Chi Minh,Vietnam,10.9127,106.431,13669,vietnam/ho-chi-minh/ho-chi-minh-city/long-an-xa-duc-lap-ha,2026-01-14,347.0,11.0,13.0,44.0,22.0,42.0,70.0
Long An xa Duc Lap Ha,"Long An xa Duc Lap Ha, Ho Chi Minh City, Ho Chi Minh, Vietnam",Ho Chi Minh City,Ho Chi Minh,Vietnam,10.9127,106.431,13669,vietnam/ho-chi-minh/ho-chi-minh-city/long-an-xa-duc-lap-ha,2026-01-15,308.0,10.0,17.0,44.0,21.0,50.0,69.0
Long An xa Duc Lap Ha,"Long An xa Duc Lap Ha, Ho Chi Minh City, Ho Chi Minh, Vietnam",Ho Chi Minh City,Ho Chi Minh,Vietnam,10.9127,106.431,13669,vietnam/ho-chi-minh/ho-chi-minh-city/long-an-xa-duc-lap-ha,2026-01-16,349.0,10.0,19.0,46.0,26.0,48.0,81.0
Long An xa Duc Lap Ha,"Long An xa Duc Lap Ha, Ho Chi Minh City, Ho Chi Minh, Vietnam",Ho Chi Minh City,Ho Chi Minh,Vietnam,10.9127,106.431,13669,vietnam/ho-chi-minh/ho-chi-minh-city/long-an-xa-duc-lap-ha,2026-01-17,292.0,10.0,17.0,45.0,23.0,44.0,74.0
Long An xa Duc Lap Ha,"Long An xa Duc Lap Ha, Ho Chi Minh City, Ho Chi Minh, Vietnam",Ho Chi Minh City,Ho Chi Minh,Vietnam,10.9127,106.431,13669,vietnam/ho-chi-minh/ho-chi-minh-city/long-an-xa-duc-lap-ha,2026-01-18,338.0,10.0,17.0,47.0,25.0,44.0,77.0
Long An xa Duc Lap Ha,"Long An xa Duc Lap Ha, Ho Chi Minh City, Ho Chi Minh, Vietnam",Ho Chi Minh City,Ho Chi Minh,Vietnam,10.9127,106.431,13669,vietnam/ho-chi-minh/ho-chi-minh-city/long-an-xa-duc-lap-ha,2026-01-19,345.0,9.0,20.0,46.0,27.0,46.0,82.0
Long An xa Duc Lap Ha,"Long An xa Duc Lap Ha, Ho Chi Minh City, Ho Chi Minh, Vietnam",Ho Chi Minh City,Ho Chi Minh,Vietnam,10.9127,106.431,13669,vietnam/ho-chi-minh/ho-chi-minh-city/long-an-xa-duc-lap-ha,2026-01-20,399.0,8.0,21.0,40.0,28.0,47.0,84.0
Long An xa Duc Lap Ha,"Long An xa Duc Lap Ha, Ho Chi Minh City, Ho Chi Minh, Vietnam",Ho Chi Minh City,Ho Chi Minh,Vietnam,10.9127,106.431,13669,vietnam/ho-chi-minh/ho-chi-minh-city/long-an-xa-duc-lap-ha,2026-01-21,357.0,9.0,18.0,46.0,22.0,50.0,72.0
Long An xa Duc Lap Ha,"Long An xa Duc Lap Ha, Ho Chi Minh City, Ho Chi Minh, Vietnam",Ho Chi Minh City,Ho Chi Minh,Vietnam,10.9127,106.431,13669,vietnam/ho-chi-minh/ho-chi-minh-city/long-an-xa-duc-lap-ha,2026-01-22,466.0,19.0,14.0,29.0,18.0,60.0,66.0
Long An xa Duc Lap Ha,"Long An xa Duc Lap Ha, Ho Chi Minh City, Ho Chi Minh, Vietnam",Ho Chi Minh City,Ho Chi Minh,Vietnam,10.9127,106.431,13669,vietnam/ho-chi-minh/ho-chi-minh-city/long-an-xa-duc-lap-ha,2026-01-23,335.0,29.0,6.0,37.0,10.0,53.0,49.0
Long An xa Duc Lap Ha,"Long An xa Duc Lap Ha, Ho Chi Minh City, Ho Chi Minh, Vietnam",Ho Chi Minh City,Ho Chi Minh,Vietnam,10.9127,106.431,13669,vietnam/ho-chi-minh/ho-chi-minh-city/long-an-xa-duc-lap-ha,2026-01-24,391.0,18.0,6.0,37.0,15.0,68.0,60.0
Long An xa Duc Lap Ha,"Long An xa Duc Lap Ha, Ho Chi Minh City, Ho Chi Minh, Vietnam",Ho Chi Minh City,Ho Chi Minh,Vietnam,10.9127,106.431,13669,vietnam/ho-chi-minh/ho-chi-minh-city/long-an-xa-duc-lap-ha,2026-01-25,563.0,30.0,5.0,39.0,14.0,66.0,58.0
Long An xa Duc Lap Ha,"Long An xa Duc Lap Ha, Ho Chi Minh City, Ho Chi Minh, Vietnam",Ho Chi Minh City,Ho Chi Minh,Vietnam,10.9127,106.431,13669,vietnam/ho-chi-minh/ho-chi-minh-city/long-an-xa-duc-lap-ha,2026-01-26,641.0,30.0,5.0,33.0,13.0,59.0,55.0
Long An xa Duc Lap Ha,"Long An xa Duc Lap Ha, Ho Chi Minh City, Ho Chi Minh, Vietnam",Ho Chi Minh City,Ho Chi Minh,Vietnam,10.9127,106.431,13669,vietnam/ho-chi-minh/ho-chi-minh-city/long-an-xa-duc-lap-ha,2026-01-27,282.0,29.0,5.0,40.0,14.0,61.0,57.0
Long An xa Duc Lap Ha,"Long An xa Duc Lap Ha, Ho Chi Minh City, Ho Chi Minh, Vietnam",Ho Chi Minh City,Ho Chi Minh,Vietnam,10.9127,106.431,13669,vietnam/ho-chi-minh/ho-chi-minh-city/long-an-xa-duc-lap-ha,2026-01-28,405.0,27.0,6.0,39.0,12.0,61.0,52.0
Long An xa Duc Lap Ha,"Long An xa Duc Lap Ha, Ho Chi Minh City, Ho Chi Minh, Vietnam",Ho Chi Minh City,Ho Chi Minh,Vietnam,10.9127,106.431,13669,vietnam/ho-chi-minh/ho-chi-minh-city/long-an-xa-duc-lap-ha,2026-01-29,334.0,24.0,7.0,45.0,13.0,70.0,57.0
Hiep Thanh,"Hiep Thanh, Thanh pho Thu Dau Mot, Binh Duong, Vietnam",Thanh pho Thu Dau Mot,Binh Duong,Vietnam,10.9923,106.658,-476137,vietnam/binh-duong/thanh-pho-thu-dau-mot/hiep-thanh,2025-12-31,362.0,7.0,21.0,44.0,28.0,46.0,83.0
Hiep Thanh,"Hiep Thanh, Thanh pho Thu Dau Mot, Binh Duong, Vietnam",Thanh pho Thu Dau Mot,Binh Duong,Vietnam,10.9923,106.658,-476137,vietnam/binh-duong/thanh-pho-thu-dau-mot/hiep-thanh,2026-01-01,330.0,6.0,14.0,51.0,18.0,49.0,64.0
Hiep Thanh,"Hiep Thanh, Thanh pho Thu Dau Mot, Binh Duong, Vietnam",Thanh pho Thu Dau Mot,Binh Duong,Vietnam,10.9923,106.658,-476137,vietnam/binh-duong/thanh-pho-thu-dau-mot/hiep-thanh,2026-01-02,440.0,8.0,25.0,40.0,29.0,47.0,86.0
Hiep Thanh,"Hiep Thanh, Thanh pho Thu Dau Mot, Binh Duong, Vietnam",Thanh pho Thu Dau Mot,Binh Duong,Vietnam,10.9923,106.658,-476137,vietnam/binh-duong/thanh-pho-thu-dau-mot/hiep-thanh,2026-01-03,432.0,8.0,23.0,40.0,30.0,39.0,89.0
Hiep Thanh,"Hiep Thanh, Thanh pho Thu Dau Mot, Binh Duong, Vietnam",Thanh pho Thu Dau Mot,Binh Duong,Vietnam,10.9923,106.658,-476137,vietnam/binh-duong/thanh-pho-thu-dau-mot/hiep-thanh,2026-01-04,413.0,7.0,20.0,39.0,28.0,38.0,83.0
Hiep Thanh,"Hiep Thanh, Thanh pho Thu Dau Mot, Binh Duong, Vietnam",Thanh pho Thu Dau Mot,Binh Duong,Vietnam,10.9923,106.658,-476137,vietnam/binh-duong/thanh-pho-thu-dau-mot/hiep-thanh,2026-01-05,514.0,9.0,22.0,39.0,30.0,48.0,90.0
Hiep Thanh,"Hiep Thanh, Thanh pho Thu Dau Mot, Binh Duong, Vietnam",Thanh pho Thu Dau Mot,Binh Duong,Vietnam,10.9923,106.658,-476137,vietnam/binh-duong/thanh-pho-thu-dau-mot/hiep-thanh,2026-01-06,475.0,17.0,14.0,48.0,19.0,62.0,71.0
Hiep Thanh,"Hiep Thanh, Thanh pho Thu Dau Mot, Binh Duong, Vietnam",Thanh pho Thu Dau Mot,Binh Duong,Vietnam,10.9923,106.658,-476137,vietnam/binh-duong/thanh-pho-thu-dau-mot/hiep-thanh,2026-01-07,401.0,9.0,17.0,52.0,23.0,49.0,77.0
Hiep Thanh,"Hiep Thanh, Thanh pho Thu Dau Mot, Binh Duong, Vietnam",Thanh pho Thu Dau Mot,Binh Duong,Vietnam,10.9923,106.658,-476137,vietnam/binh-duong/thanh-pho-thu-dau-mot/hiep-thanh,2026-01-08,407.0,5.0,19.0,37.0,26.0,36.0,79.0
Hiep Thanh,"Hiep Thanh, Thanh pho Thu Dau Mot, Binh Duong, Vietnam",Thanh pho Thu Dau Mot,Binh Duong,Vietnam,10.9923,106.658,-476137,vietnam/binh-duong/thanh-pho-thu-dau-mot/hiep-thanh,2026-01-09,372.0,7.0,20.0,41.0,27.0,39.0,83.0
Hiep Thanh,"Hiep Thanh, Thanh pho Thu Dau Mot, Binh Duong, Vietnam",Thanh pho Thu Dau Mot,Binh Duong,Vietnam,10.9923,106.658,-476137,vietnam/binh-duong/thanh-pho-thu-dau-mot/hiep-thanh,2026-01-10,470.0,9.0,20.0,41.0,26.0,45.0,79.0
Hiep Thanh,"Hiep Thanh, Thanh pho Thu Dau Mot, Binh Duong, Vietnam",Thanh pho Thu Dau Mot,Binh Duong,Vietnam,10.9923,106.658,-476137,vietnam/binh-duong/thanh-pho-thu-dau-mot/hiep-thanh,2026-01-11,466.0,11.0,20.0,46.0,40.0,64.0,109.0
Hiep Thanh,"Hiep Thanh, Thanh pho Thu Dau Mot, Binh Duong, Vietnam",Thanh pho Thu Dau Mot,Binh Duong,Vietnam,10.9923,106.658,-476137,vietnam/binh-duong/thanh-pho-thu-dau-mot/hiep-thanh,2026-01-12,445.0,10.0,16.0,46.0,24.0,65.0,77.0
Hiep Thanh,"Hiep Thanh, Thanh pho Thu Dau Mot, Binh Duong, Vietnam",Thanh pho Thu Dau Mot,Binh Duong,Vietnam,10.9923,106.658,-476137,vietnam/binh-duong/thanh-pho-thu-dau-mot/hiep-thanh,2026-01-13,346.0,8.0,15.0,44.0,25.0,49.0,77.0
Hiep Thanh,"Hiep Thanh, Thanh pho Thu Dau Mot, Binh Duong, Vietnam",Thanh pho Thu Dau Mot,Binh Duong,Vietnam,10.9923,106.658,-476137,vietnam/binh-duong/thanh-pho-thu-dau-mot/hiep-thanh,2026-01-14,330.0,8.0,12.0,45.0,21.0,44.0,69.0
Hiep Thanh,"Hiep Thanh, Thanh pho Thu Dau Mot, Binh Duong, Vietnam",Thanh pho Thu Dau Mot,Binh Duong,Vietnam,10.9923,106.658,-476137,vietnam/binh-duong/thanh-pho-thu-dau-mot/hiep-thanh,2026-01-15,271.0,8.0,12.0,48.0,18.0,55.0,63.0
Hiep Thanh,"Hiep Thanh, Thanh pho Thu Dau Mot, Binh Duong, Vietnam",Thanh pho Thu Dau Mot,Binh Duong,Vietnam,10.9923,106.658,-476137,vietnam/binh-duong/thanh-pho-thu-dau-mot/hiep-thanh,2026-01-16,313.0,7.0,17.0,47.0,27.0,47.0,82.0
Hiep Thanh,"Hiep Thanh, Thanh pho Thu Dau Mot, Binh Duong, Vietnam",Thanh pho Thu Dau Mot,Binh Duong,Vietnam,10.9923,106.658,-476137,vietnam/binh-duong/thanh-pho-thu-dau-mot/hiep-thanh,2026-01-17,278.0,8.0,18.0,45.0,25.0,39.0,78.0
Hiep Thanh,"Hiep Thanh, Thanh pho Thu Dau Mot, Binh Duong, Vietnam",Thanh pho Thu Dau Mot,Binh Duong,Vietnam,10.9923,106.658,-476137,vietnam/binh-duong/thanh-pho-thu-dau-mot/hiep-thanh,2026-01-18,319.0,7.0,18.0,47.0,28.0,41.0,84.0
Hiep Thanh,"Hiep Thanh, Thanh pho Thu Dau Mot, Binh Duong, Vietnam",Thanh pho Thu Dau Mot,Binh Duong,Vietnam,10.9923,106.658,-476137,vietnam/binh-duong/thanh-pho-thu-dau-mot/hiep-thanh,2026-01-19,319.0,7.0,21.0,45.0,28.0,44.0,85.0
Hiep Thanh,"Hiep Thanh, Thanh pho Thu Dau Mot, Binh Duong, Vietnam",Thanh pho Thu Dau Mot,Binh Duong,Vietnam,10.9923,106.658,-476137,vietnam/binh-duong/thanh-pho-thu-dau-mot/hiep-thanh,2026-01-20,366.0,8.0,21.0,39.0,29.0,49.0,86.0
Hiep Thanh,"Hiep Thanh, Thanh pho Thu Dau Mot, Binh Duong, Vietnam",Thanh pho Thu Dau Mot,Binh Duong,Vietnam,10.9923,106.658,-476137,vietnam/binh-duong/thanh-pho-thu-dau-mot/hiep-thanh,2026-01-21,331.0,6.0,17.0,48.0,23.0,46.0,74.0
Hiep Thanh,"Hiep Thanh, Thanh pho Thu Dau Mot, Binh Duong, Vietnam",Thanh pho Thu Dau Mot,Binh Duong,Vietnam,10.9923,106.658,-476137,vietnam/binh-duong/thanh-pho-thu-dau-mot/hiep-thanh,2026-01-22,446.0,18.0,15.0,28.0,23.0,57.0,74.0
Hiep Thanh,"Hiep Thanh, Thanh pho Thu Dau Mot, Binh Duong, Vietnam",Thanh pho Thu Dau Mot,Binh Duong,Vietnam,10.9923,106.658,-476137,vietnam/binh-duong/thanh-pho-thu-dau-mot/hiep-thanh,2026-01-23,334.0,28.0,6.0,36.0,11.0,53.0,49.0
Hiep Thanh,"Hiep Thanh, Thanh pho Thu Dau Mot, Binh Duong, Vietnam",Thanh pho Thu Dau Mot,Binh Duong,Vietnam,10.9923,106.658,-476137,vietnam/binh-duong/thanh-pho-thu-dau-mot/hiep-thanh,2026-01-24,382.0,17.0,6.0,40.0,15.0,68.0,58.0
Hiep Thanh,"Hiep Thanh, Thanh pho Thu Dau Mot, Binh Duong, Vietnam",Thanh pho Thu Dau Mot,Binh Duong,Vietnam,10.9923,106.658,-476137,vietnam/binh-duong/thanh-pho-thu-dau-mot/hiep-thanh,2026-01-25,564.0,29.0,5.0,46.0,12.0,68.0,59.0
Hiep Thanh,"Hiep Thanh, Thanh pho Thu Dau Mot, Binh Duong, Vietnam",Thanh pho Thu Dau Mot,Binh Duong,Vietnam,10.9923,106.658,-476137,vietnam/binh-duong/thanh-pho-thu-dau-mot/hiep-thanh,2026-01-26,638.0,29.0,5.0,34.0,12.0,60.0,54.0
Hiep Thanh,"Hiep Thanh, Thanh pho Thu Dau Mot, Binh Duong, Vietnam",Thanh pho Thu Dau Mot,Binh Duong,Vietnam,10.9923,106.658,-476137,vietnam/binh-duong/thanh-pho-thu-dau-mot/hiep-thanh,2026-01-27,285.0,27.0,6.0,43.0,14.0,61.0,58.0
Hiep Thanh,"Hiep Thanh, Thanh pho Thu Dau Mot, Binh Duong, Vietnam",Thanh pho Thu Dau Mot,Binh Duong,Vietnam,10.9923,106.658,-476137,vietnam/binh-duong/thanh-pho-thu-dau-mot/hiep-thanh,2026-01-28,408.0,26.0,6.0,47.0,12.0,67.0,55.0
Hiep Thanh,"Hiep Thanh, Thanh pho Thu Dau Mot, Binh Duong, Vietnam",Thanh pho Thu Dau Mot,Binh Duong,Vietnam,10.9923,106.658,-476137,vietnam/binh-duong/thanh-pho-thu-dau-mot/hiep-thanh,2026-01-29,329.0,23.0,7.0,50.0,13.0,75.0,60.0
Phuoc Hiep,"Phuoc Hiep, Thanh pho Ba Ria, Ba Ria - Vung Tau, Vietnam",Thanh pho Ba Ria,Ba Ria - Vung Tau,Vietnam,10.5024,107.169,14644,vietnam/ba-ria-vung-tau/thanh-pho-ba-ria/phuoc-hiep,2025-12-31,228.0,5.0,12.0,43.0,18.0,33.0,62.0
Phuoc Hiep,"Phuoc Hiep, Thanh pho Ba Ria, Ba Ria - Vung Tau, Vietnam",Thanh pho Ba Ria,Ba Ria - Vung Tau,Vietnam,10.5024,107.169,14644,vietnam/ba-ria-vung-tau/thanh-pho-ba-ria/phuoc-hiep,2026-01-01,251.0,4.0,15.0,46.0,17.0,28.0,61.0
Phuoc Hiep,"Phuoc Hiep, Thanh pho Ba Ria, Ba Ria - Vung Tau, Vietnam",Thanh pho Ba Ria,Ba Ria - Vung Tau,Vietnam,10.5024,107.169,14644,vietnam/ba-ria-vung-tau/thanh-pho-ba-ria/phuoc-hiep,2026-01-02,281.0,5.0,15.0,37.0,19.0,35.0,64.0
Phuoc Hiep,"Phuoc Hiep, Thanh pho Ba Ria, Ba Ria - Vung Tau, Vietnam",Thanh pho Ba Ria,Ba Ria - Vung Tau,Vietnam,10.5024,107.169,14644,vietnam/ba-ria-vung-tau/thanh-pho-ba-ria/phuoc-hiep,2026-01-03,330.0,5.0,16.0,41.0,21.0,37.0,70.0
Phuoc Hiep,"Phuoc Hiep, Thanh pho Ba Ria, Ba Ria - Vung Tau, Vietnam",Thanh pho Ba Ria,Ba Ria - Vung Tau,Vietnam,10.5024,107.169,14644,vietnam/ba-ria-vung-tau/thanh-pho-ba-ria/phuoc-hiep,2026-01-04,383.0,7.0,15.0,42.0,24.0,46.0,75.0
Phuoc Hiep,"Phuoc Hiep, Thanh pho Ba Ria, Ba Ria - Vung Tau, Vietnam",Thanh pho Ba Ria,Ba Ria - Vung Tau,Vietnam,10.5024,107.169,14644,vietnam/ba-ria-vung-tau/thanh-pho-ba-ria/phuoc-hiep,2026-01-05,361.0,7.0,14.0,33.0,22.0,49.0,71.0
Phuoc Hiep,"Phuoc Hiep, Thanh pho Ba Ria, Ba Ria - Vung Tau, Vietnam",Thanh pho Ba Ria,Ba Ria - Vung Tau,Vietnam,10.5024,107.169,14644,vietnam/ba-ria-vung-tau/thanh-pho-ba-ria/phuoc-hiep,2026-01-06,359.0,14.0,14.0,32.0,19.0,50.0,63.0
Phuoc Hiep,"Phuoc Hiep, Thanh pho Ba Ria, Ba Ria - Vung Tau, Vietnam",Thanh pho Ba Ria,Ba Ria - Vung Tau,Vietnam,10.5024,107.169,14644,vietnam/ba-ria-vung-tau/thanh-pho-ba-ria/phuoc-hiep,2026-01-07,303.0,6.0,13.0,47.0,21.0,37.0,69.0
Phuoc Hiep,"Phuoc Hiep, Thanh pho Ba Ria, Ba Ria - Vung Tau, Vietnam",Thanh pho Ba Ria,Ba Ria - Vung Tau,Vietnam,10.5024,107.169,14644,vietnam/ba-ria-vung-tau/thanh-pho-ba-ria/phuoc-hiep,2026-01-08,361.0,6.0,14.0,44.0,22.0,36.0,71.0
Phuoc Hiep,"Phuoc Hiep, Thanh pho Ba Ria, Ba Ria - Vung Tau, Vietnam",Thanh pho Ba Ria,Ba Ria - Vung Tau,Vietnam,10.5024,107.169,14644,vietnam/ba-ria-vung-tau/thanh-pho-ba-ria/phuoc-hiep,2026-01-09,320.0,7.0,12.0,41.0,22.0,43.0,72.0
Phuoc Hiep,"Phuoc Hiep, Thanh pho Ba Ria, Ba Ria - Vung Tau, Vietnam",Thanh pho Ba Ria,Ba Ria - Vung Tau,Vietnam,10.5024,107.169,14644,vietnam/ba-ria-vung-tau/thanh-pho-ba-ria/phuoc-hiep,2026-01-10,386.0,8.0,13.0,42.0,22.0,48.0,72.0
Phuoc Hiep,"Phuoc Hiep, Thanh pho Ba Ria, Ba Ria - Vung Tau, Vietnam",Thanh pho Ba Ria,Ba Ria - Vung Tau,Vietnam,10.5024,107.169,14644,vietnam/ba-ria-vung-tau/thanh-pho-ba-ria/phuoc-hiep,2026-01-11,328.0,8.0,12.0,42.0,30.0,58.0,90.0
Phuoc Hiep,"Phuoc Hiep, Thanh pho Ba Ria, Ba Ria - Vung Tau, Vietnam",Thanh pho Ba Ria,Ba Ria - Vung Tau,Vietnam,10.5024,107.169,14644,vietnam/ba-ria-vung-tau/thanh-pho-ba-ria/phuoc-hiep,2026-01-12,336.0,7.0,11.0,38.0,19.0,49.0,64.0
Phuoc Hiep,"Phuoc Hiep, Thanh pho Ba Ria, Ba Ria - Vung Tau, Vietnam",Thanh pho Ba Ria,Ba Ria - Vung Tau,Vietnam,10.5024,107.169,14644,vietnam/ba-ria-vung-tau/thanh-pho-ba-ria/phuoc-hiep,2026-01-13,269.0,6.0,9.0,37.0,17.0,41.0,61.0
Phuoc Hiep,"Phuoc Hiep, Thanh pho Ba Ria, Ba Ria - Vung Tau, Vietnam",Thanh pho Ba Ria,Ba Ria - Vung Tau,Vietnam,10.5024,107.169,14644,vietnam/ba-ria-vung-tau/thanh-pho-ba-ria/phuoc-hiep,2026-01-14,231.0,6.0,7.0,42.0,14.0,30.0,54.0
Phuoc Hiep,"Phuoc Hiep, Thanh pho Ba Ria, Ba Ria - Vung Tau, Vietnam",Thanh pho Ba Ria,Ba Ria - Vung Tau,Vietnam,10.5024,107.169,14644,vietnam/ba-ria-vung-tau/thanh-pho-ba-ria/phuoc-hiep,2026-01-15,210.0,5.0,10.0,44.0,17.0,35.0,60.0
Phuoc Hiep,"Phuoc Hiep, Thanh pho Ba Ria, Ba Ria - Vung Tau, Vietnam",Thanh pho Ba Ria,Ba Ria - Vung Tau,Vietnam,10.5024,107.169,14644,vietnam/ba-ria-vung-tau/thanh-pho-ba-ria/phuoc-hiep,2026-01-16,252.0,6.0,13.0,42.0,20.0,38.0,67.0
Phuoc Hiep,"Phuoc Hiep, Thanh pho Ba Ria, Ba Ria - Vung Tau, Vietnam",Thanh pho Ba Ria,Ba Ria - Vung Tau,Vietnam,10.5024,107.169,14644,vietnam/ba-ria-vung-tau/thanh-pho-ba-ria/phuoc-hiep,2026-01-17,221.0,7.0,12.0,42.0,18.0,39.0,62.0
Phuoc Hiep,"Phuoc Hiep, Thanh pho Ba Ria, Ba Ria - Vung Tau, Vietnam",Thanh pho Ba Ria,Ba Ria - Vung Tau,Vietnam,10.5024,107.169,14644,vietnam/ba-ria-vung-tau/thanh-pho-ba-ria/phuoc-hiep,2026-01-18,241.0,5.0,10.0,48.0,19.0,35.0,64.0
Phuoc Hiep,"Phuoc Hiep, Thanh pho Ba Ria, Ba Ria - Vung Tau, Vietnam",Thanh pho Ba Ria,Ba Ria - Vung Tau,Vietnam,10.5024,107.169,14644,vietnam/ba-ria-vung-tau/thanh-pho-ba-ria/phuoc-hiep,2026-01-19,269.0,5.0,14.0,46.0,21.0,38.0,69.0
Phuoc Hiep,"Phuoc Hiep, Thanh pho Ba Ria, Ba Ria - Vung Tau, Vietnam",Thanh pho Ba Ria,Ba Ria - Vung Tau,Vietnam,10.5024,107.169,14644,vietnam/ba-ria-vung-tau/thanh-pho-ba-ria/phuoc-hiep,2026-01-20,247.0,4.0,12.0,43.0,20.0,36.0,68.0
Phuoc Hiep,"Phuoc Hiep, Thanh pho Ba Ria, Ba Ria - Vung Tau, Vietnam",Thanh pho Ba Ria,Ba Ria - Vung Tau,Vietnam,10.5024,107.169,14644,vietnam/ba-ria-vung-tau/thanh-pho-ba-ria/phuoc-hiep,2026-01-21,244.0,6.0,11.0,45.0,19.0,37.0,64.0
Phuoc Hiep,"Phuoc Hiep, Thanh pho Ba Ria, Ba Ria - Vung Tau, Vietnam",Thanh pho Ba Ria,Ba Ria - Vung Tau,Vietnam,10.5024,107.169,14644,vietnam/ba-ria-vung-tau/thanh-pho-ba-ria/phuoc-hiep,2026-01-22,397.0,17.0,11.0,30.0,21.0,52.0,68.0
Phuoc Hiep,"Phuoc Hiep, Thanh pho Ba Ria, Ba Ria - Vung Tau, Vietnam",Thanh pho Ba Ria,Ba Ria - Vung Tau,Vietnam,10.5024,107.169,14644,vietnam/ba-ria-vung-tau/thanh-pho-ba-ria/phuoc-hiep,2026-01-23,330.0,28.0,5.0,31.0,11.0,51.0,48.0
Phuoc Hiep,"Phuoc Hiep, Thanh pho Ba Ria, Ba Ria - Vung Tau, Vietnam",Thanh pho Ba Ria,Ba Ria - Vung Tau,Vietnam,10.5024,107.169,14644,vietnam/ba-ria-vung-tau/thanh-pho-ba-ria/phuoc-hiep,2026-01-24,390.0,16.0,6.0,31.0,15.0,63.0,58.0
Phuoc Hiep,"Phuoc Hiep, Thanh pho Ba Ria, Ba Ria - Vung Tau, Vietnam",Thanh pho Ba Ria,Ba Ria - Vung Tau,Vietnam,10.5024,107.169,14644,vietnam/ba-ria-vung-tau/thanh-pho-ba-ria/phuoc-hiep,2026-01-25,564.0,29.0,5.0,33.0,14.0,61.0,58.0
Phuoc Hiep,"Phuoc Hiep, Thanh pho Ba Ria, Ba Ria - Vung Tau, Vietnam",Thanh pho Ba Ria,Ba Ria - Vung Tau,Vietnam,10.5024,107.169,14644,vietnam/ba-ria-vung-tau/thanh-pho-ba-ria/phuoc-hiep,2026-01-26,640.0,29.0,5.0,28.0,13.0,54.0,52.0
Phuoc Hiep,"Phuoc Hiep, Thanh pho Ba Ria, Ba Ria - Vung Tau, Vietnam",Thanh pho Ba Ria,Ba Ria - Vung Tau,Vietnam,10.5024,107.169,14644,vietnam/ba-ria-vung-tau/thanh-pho-ba-ria/phuoc-hiep,2026-01-27,281.0,28.0,5.0,33.0,14.0,56.0,55.0
Phuoc Hiep,"Phuoc Hiep, Thanh pho Ba Ria, Ba Ria - Vung Tau, Vietnam",Thanh pho Ba Ria,Ba Ria - Vung Tau,Vietnam,10.5024,107.169,14644,vietnam/ba-ria-vung-tau/thanh-pho-ba-ria/phuoc-hiep,2026-01-28,408.0,26.0,5.0,33.0,12.0,54.0,49.0
Phuoc Hiep,"Phuoc Hiep, Thanh pho Ba Ria, Ba Ria - Vung Tau, Vietnam",Thanh pho Ba Ria,Ba Ria - Vung Tau,Vietnam,10.5024,107.169,14644,vietnam/ba-ria-vung-tau/thanh-pho-ba-ria/phuoc-hiep,2026-01-29,332.0,22.0,6.0,36.0,14.0,63.0,55.0
phuong 7,"phuong 7, Vung Tau, Ba Ria - Vung Tau, Vietnam",Vung Tau,Ba Ria - Vung Tau,Vietnam,10.368,107.084,14642,vietnam/ba-ria-vung-tau/vung-tau/phuong-7,2025-12-31,252.0,6.0,14.0,43.0,19.0,34.0,64.0
phuong 7,"phuong 7, Vung Tau, Ba Ria - Vung Tau, Vietnam",Vung Tau,Ba Ria - Vung Tau,Vietnam,10.368,107.084,14642,vietnam/ba-ria-vung-tau/vung-tau/phuong-7,2026-01-01,266.0,5.0,17.0,45.0,19.0,30.0,65.0
phuong 7,"phuong 7, Vung Tau, Ba Ria - Vung Tau, Vietnam",Vung Tau,Ba Ria - Vung Tau,Vietnam,10.368,107.084,14642,vietnam/ba-ria-vung-tau/vung-tau/phuong-7,2026-01-02,326.0,6.0,17.0,36.0,20.0,38.0,68.0
phuong 7,"phuong 7, Vung Tau, Ba Ria - Vung Tau, Vietnam",Vung Tau,Ba Ria - Vung Tau,Vietnam,10.368,107.084,14642,vietnam/ba-ria-vung-tau/vung-tau/phuong-7,2026-01-03,370.0,7.0,18.0,40.0,23.0,40.0,73.0
phuong 7,"phuong 7, Vung Tau, Ba Ria - Vung Tau, Vietnam",Vung Tau,Ba Ria - Vung Tau,Vietnam,10.368,107.084,14642,vietnam/ba-ria-vung-tau/vung-tau/phuong-7,2026-01-04,402.0,9.0,17.0,41.0,24.0,47.0,75.0
phuong 7,"phuong 7, Vung Tau, Ba Ria - Vung Tau, Vietnam",Vung Tau,Ba Ria - Vung Tau,Vietnam,10.368,107.084,14642,vietnam/ba-ria-vung-tau/vung-tau/phuong-7,2026-01-05,407.0,9.0,17.0,33.0,25.0,51.0,78.0
phuong 7,"phuong 7, Vung Tau, Ba Ria - Vung Tau, Vietnam",Vung Tau,Ba Ria - Vung Tau,Vietnam,10.368,107.084,14642,vietnam/ba-ria-vung-tau/vung-tau/phuong-7,2026-01-06,378.0,15.0,16.0,33.0,20.0,50.0,67.0
phuong 7,"phuong 7, Vung Tau, Ba Ria - Vung Tau, Vietnam",Vung Tau,Ba Ria - Vung Tau,Vietnam,10.368,107.084,14642,vietnam/ba-ria-vung-tau/vung-tau/phuong-7,2026-01-07,327.0,8.0,17.0,44.0,23.0,40.0,72.0
phuong 7,"phuong 7, Vung Tau, Ba Ria - Vung Tau, Vietnam",Vung Tau,Ba Ria - Vung Tau,Vietnam,10.368,107.084,14642,vietnam/ba-ria-vung-tau/vung-tau/phuong-7,2026-01-08,396.0,8.0,18.0,41.0,22.0,37.0,72.0
phuong 7,"phuong 7, Vung Tau, Ba Ria - Vung Tau, Vietnam",Vung Tau,Ba Ria - Vung Tau,Vietnam,10.368,107.084,14642,vietnam/ba-ria-vung-tau/vung-tau/phuong-7,2026-01-09,352.0,8.0,15.0,40.0,23.0,43.0,73.0
phuong 7,"phuong 7, Vung Tau, Ba Ria - Vung Tau, Vietnam",Vung Tau,Ba Ria - Vung Tau,Vietnam,10.368,107.084,14642,vietnam/ba-ria-vung-tau/vung-tau/phuong-7,2026-01-10,426.0,10.0,16.0,42.0,25.0,48.0,77.0
phuong 7,"phuong 7, Vung Tau, Ba Ria - Vung Tau, Vietnam",Vung Tau,Ba Ria - Vung Tau,Vietnam,10.368,107.084,14642,vietnam/ba-ria-vung-tau/vung-tau/phuong-7,2026-01-11,367.0,9.0,14.0,42.0,34.0,61.0,99.0
phuong 7,"phuong 7, Vung Tau, Ba Ria - Vung Tau, Vietnam",Vung Tau,Ba Ria - Vung Tau,Vietnam,10.368,107.084,14642,vietnam/ba-ria-vung-tau/vung-tau/phuong-7,2026-01-12,353.0,8.0,13.0,38.0,22.0,50.0,70.0
phuong 7,"phuong 7, Vung Tau, Ba Ria - Vung Tau, Vietnam",Vung Tau,Ba Ria - Vung Tau,Vietnam,10.368,107.084,14642,vietnam/ba-ria-vung-tau/vung-tau/phuong-7,2026-01-13,280.0,7.0,10.0,37.0,18.0,41.0,63.0
phuong 7,"phuong 7, Vung Tau, Ba Ria - Vung Tau, Vietnam",Vung Tau,Ba Ria - Vung Tau,Vietnam,10.368,107.084,14642,vietnam/ba-ria-vung-tau/vung-tau/phuong-7,2026-01-14,250.0,7.0,9.0,40.0,15.0,33.0,55.0
phuong 7,"phuong 7, Vung Tau, Ba Ria - Vung Tau, Vietnam",Vung Tau,Ba Ria - Vung Tau,Vietnam,10.368,107.084,14642,vietnam/ba-ria-vung-tau/vung-tau/phuong-7,2026-01-15,229.0,7.0,11.0,42.0,18.0,39.0,61.0
phuong 7,"phuong 7, Vung Tau, Ba Ria - Vung Tau, Vietnam",Vung Tau,Ba Ria - Vung Tau,Vietnam,10.368,107.084,14642,vietnam/ba-ria-vung-tau/vung-tau/phuong-7,2026-01-16,257.0,7.0,14.0,41.0,21.0,42.0,69.0
phuong 7,"phuong 7, Vung Tau, Ba Ria - Vung Tau, Vietnam",Vung Tau,Ba Ria - Vung Tau,Vietnam,10.368,107.084,14642,vietnam/ba-ria-vung-tau/vung-tau/phuong-7,2026-01-17,229.0,8.0,13.0,40.0,18.0,40.0,63.0
phuong 7,"phuong 7, Vung Tau, Ba Ria - Vung Tau, Vietnam",Vung Tau,Ba Ria - Vung Tau,Vietnam,10.368,107.084,14642,vietnam/ba-ria-vung-tau/vung-tau/phuong-7,2026-01-18,255.0,6.0,11.0,45.0,18.0,36.0,63.0
phuong 7,"phuong 7, Vung Tau, Ba Ria - Vung Tau, Vietnam",Vung Tau,Ba Ria - Vung Tau,Vietnam,10.368,107.084,14642,vietnam/ba-ria-vung-tau/vung-tau/phuong-7,2026-01-19,280.0,6.0,15.0,44.0,21.0,38.0,69.0
phuong 7,"phuong 7, Vung Tau, Ba Ria - Vung Tau, Vietnam",Vung Tau,Ba Ria - Vung Tau,Vietnam,10.368,107.084,14642,vietnam/ba-ria-vung-tau/vung-tau/phuong-7,2026-01-20,270.0,4.0,14.0,41.0,21.0,39.0,69.0
phuong 7,"phuong 7, Vung Tau, Ba Ria - Vung Tau, Vietnam",Vung Tau,Ba Ria - Vung Tau,Vietnam,10.368,107.084,14642,vietnam/ba-ria-vung-tau/vung-tau/phuong-7,2026-01-21,258.0,7.0,13.0,44.0,19.0,39.0,65.0
phuong 7,"phuong 7, Vung Tau, Ba Ria - Vung Tau, Vietnam",Vung Tau,Ba Ria - Vung Tau,Vietnam,10.368,107.084,14642,vietnam/ba-ria-vung-tau/vung-tau/phuong-7,2026-01-22,412.0,17.0,12.0,29.0,21.0,55.0,69.0
phuong 7,"phuong 7, Vung Tau, Ba Ria - Vung Tau, Vietnam",Vung Tau,Ba Ria - Vung Tau,Vietnam,10.368,107.084,14642,vietnam/ba-ria-vung-tau/vung-tau/phuong-7,2026-01-23,330.0,28.0,5.0,31.0,10.0,51.0,48.0
phuong 7,"phuong 7, Vung Tau, Ba Ria - Vung Tau, Vietnam",Vung Tau,Ba Ria - Vung Tau,Vietnam,10.368,107.084,14642,vietnam/ba-ria-vung-tau/vung-tau/phuong-7,2026-01-24,385.0,17.0,7.0,31.0,15.0,61.0,58.0
phuong 7,"phuong 7, Vung Tau, Ba Ria - Vung Tau, Vietnam",Vung Tau,Ba Ria - Vung Tau,Vietnam,10.368,107.084,14642,vietnam/ba-ria-vung-tau/vung-tau/phuong-7,2026-01-25,562.0,29.0,6.0,33.0,14.0,60.0,57.0
phuong 7,"phuong 7, Vung Tau, Ba Ria - Vung Tau, Vietnam",Vung Tau,Ba Ria - Vung Tau,Vietnam,10.368,107.084,14642,vietnam/ba-ria-vung-tau/vung-tau/phuong-7,2026-01-26,641.0,30.0,6.0,28.0,12.0,52.0,51.0
phuong 7,"phuong 7, Vung Tau, Ba Ria - Vung Tau, Vietnam",Vung Tau,Ba Ria - Vung Tau,Vietnam,10.368,107.084,14642,vietnam/ba-ria-vung-tau/vung-tau/phuong-7,2026-01-27,283.0,27.0,5.0,34.0,14.0,57.0,55.0
phuong 7,"phuong 7, Vung Tau, Ba Ria - Vung Tau, Vietnam",Vung Tau,Ba Ria - Vung Tau,Vietnam,10.368,107.084,14642,vietnam/ba-ria-vung-tau/vung-tau/phuong-7,2026-01-28,408.0,26.0,6.0,33.0,12.0,54.0,49.0
phuong 7,"phuong 7, Vung Tau, Ba Ria - Vung Tau, Vietnam",Vung Tau,Ba Ria - Vung Tau,Vietnam,10.368,107.084,14642,vietnam/ba-ria-vung-tau/vung-tau/phuong-7,2026-01-29,331.0,23.0,7.0,37.0,14.0,63.0,55.0
